"Date","Price","Open","High","Low","Vol.","Change %"
"01/06/2026","1,369.670","1,370.900","1,374.065","1,366.975","","-0.16%"
"29/05/2026","1,371.885","1,374.000","1,375.110","1,369.470","","-0.14%"
"28/05/2026","1,373.810","1,374.930","1,376.120","1,372.875","","-0.03%"
"27/05/2026","1,374.160","1,372.290","1,376.435","1,372.290","","0.01%"
"26/05/2026","1,374.020","1,371.330","1,375.845","1,370.550","","0.20%"
"25/05/2026","1,371.330","1,370.500","1,376.810","1,367.500","","-0.08%"
"22/05/2026","1,372.410","1,371.480","1,374.465","1,369.110","","0.17%"
"21/05/2026","1,370.090","1,371.000","1,373.405","1,368.670","","-0.21%"
"20/05/2026","1,372.905","1,372.000","1,374.860","1,360.000","","0.07%"
"19/05/2026","1,372.000","1,371.890","1,374.270","1,369.900","","0.07%"
"18/05/2026","1,371.020","1,368.250","1,373.950","1,368.020","","0.04%"
"15/05/2026","1,370.470","1,368.830","1,373.235","1,367.515","","0.09%"
"14/05/2026","1,369.245","1,368.840","1,372.090","1,366.770","","-0.12%"
"13/05/2026","1,370.830","1,371.905","1,375.305","1,368.165","","-0.08%"
"12/05/2026","1,371.910","1,368.000","1,374.500","1,363.465","","0.23%"
"11/05/2026","1,368.780","1,359.500","1,373.505","1,356.230","","0.68%"
"08/05/2026","1,359.480","1,358.885","1,361.905","1,355.130","","0.04%"
"07/05/2026","1,358.875","1,360.420","1,364.250","1,354.080","","0.10%"
"06/05/2026","1,357.550","1,368.135","1,368.305","1,357.085","","-0.82%"
"05/05/2026","1,368.750","1,370.360","1,375.140","1,364.250","","-0.12%"
"04/05/2026","1,370.360","1,372.420","1,377.540","1,369.645","","-0.41%"
"01/05/2026","1,375.960","1,375.175","1,377.230","1,372.415","","0.02%"
"30/04/2026","1,375.735","1,375.815","1,380.355","1,370.055","","-0.03%"
"29/04/2026","1,376.130","1,372.420","1,383.600","1,370.695","","-0.03%"
"28/04/2026","1,376.555","1,362.130","1,380.115","1,357.480","","0.96%"
"27/04/2026","1,363.465","1,353.780","1,365.885","1,352.375","","0.44%"
"24/04/2026","1,357.490","1,352.410","1,359.060","1,350.140","","0.54%"
"23/04/2026","1,350.140","1,347.570","1,354.515","1,344.890","","0.19%"
"22/04/2026","1,347.520","1,345.600","1,351.270","1,341.560","","0.00%"
"21/04/2026","1,347.520","1,341.560","1,350.760","1,341.560","","0.09%"
"20/04/2026","1,346.320","1,345.500","1,348.640","1,340.875","","0.24%"
"17/04/2026","1,343.040","1,340.260","1,345.700","1,339.280","","0.12%"
"16/04/2026","1,341.485","1,342.685","1,344.950","1,339.840","","-0.11%"
"15/04/2026","1,342.940","1,349.955","1,352.000","1,342.240","","-0.51%"
"14/04/2026","1,349.865","1,356.120","1,361.580","1,344.710","","-0.69%"
"13/04/2026","1,359.200","1,359.000","1,375.930","1,337.500","","0.00%"
"10/04/2026","1,359.200","1,361.430","1,364.950","1,356.645","","-0.16%"
"09/04/2026","1,361.440","1,374.690","1,379.690","1,358.860","","-1.09%"
"08/04/2026","1,376.395","1,383.170","1,388.500","1,371.115","","-0.49%"
"07/04/2026","1,383.170","1,379.335","1,386.195","1,378.455","","0.28%"
"06/04/2026","1,379.335","1,378.000","1,383.350","1,377.825","","0.05%"
"03/04/2026","1,378.650","1,378.910","1,381.855","1,377.825","","-0.17%"
"02/04/2026","1,380.935","1,378.420","1,383.100","1,375.960","","0.11%"
"01/04/2026","1,379.430","1,385.540","1,387.070","1,377.960","","-0.51%"
"31/03/2026","1,386.460","1,384.095","1,388.035","1,381.400","","0.09%"
"30/03/2026","1,385.150","1,380.500","1,386.475","1,378.500","","0.13%"
"27/03/2026","1,383.295","1,384.420","1,388.335","1,379.970","","-0.08%"
"26/03/2026","1,384.420","1,386.120","1,390.145","1,381.870","","-0.12%"
"25/03/2026","1,386.105","1,380.940","1,387.115","1,375.170","","0.42%"
"24/03/2026","1,380.320","1,362.220","1,385.295","1,362.220","","0.06%"
"23/03/2026","1,379.550","1,354.500","1,385.375","1,352.910","","1.74%"
"20/03/2026","1,356.005","1,359.000","1,362.000","1,352.880","","-0.15%"
"19/03/2026","1,358.000","1,355.430","1,363.500","1,353.465","","0.15%"
"18/03/2026","1,356.000","1,351.755","1,359.190","1,349.340","","0.31%"
"17/03/2026","1,351.750","1,371.690","1,372.720","1,347.990","","-0.96%"
"16/03/2026","1,364.875","1,385.500","1,388.690","1,362.160","","-1.45%"
"13/03/2026","1,385.005","1,390.150","1,398.750","1,373.145","","-0.42%"
"12/03/2026","1,390.780","1,390.050","1,399.500","1,383.900","","-0.23%"
"11/03/2026","1,394.000","1,398.250","1,399.500","1,384.670","","-0.14%"
"10/03/2026","1,396.000","1,398.410","1,403.085","1,393.920","","-0.18%"
"09/03/2026","1,398.500","1,388.490","1,418.920","1,388.000","","0.58%"
"06/03/2026","1,390.480","1,384.970","1,416.750","1,384.520","","0.26%"
"05/03/2026","1,386.940","1,383.880","1,389.380","1,382.080","","0.21%"
"04/03/2026","1,384.010","1,380.090","1,388.140","1,377.180","","0.27%"
"03/03/2026","1,380.270","1,371.630","1,387.260","1,366.025","","0.68%"
"02/03/2026","1,370.980","1,359.500","1,373.575","1,357.500","","0.67%"
"27/02/2026","1,361.880","1,356.575","1,364.690","1,353.490","","0.40%"
"26/02/2026","1,356.500","1,355.035","1,358.510","1,348.500","","0.06%"
"25/02/2026","1,355.630","1,351.885","1,357.380","1,343.570","","0.34%"
"24/02/2026","1,351.000","1,345.400","1,355.840","1,344.990","","0.36%"
"23/02/2026","1,346.165","1,343.360","1,350.735","1,339.155","","0.13%"
"20/02/2026","1,344.475","1,341.140","1,347.320","1,339.595","","0.04%"
"19/02/2026","1,343.875","1,338.470","1,346.625","1,337.650","","0.33%"
"18/02/2026","1,339.500","1,345.710","1,345.710","1,335.000","","-0.46%"
"17/02/2026","1,345.710","1,348.730","1,355.190","1,334.045","","-0.22%"
"16/02/2026","1,348.730","1,353.000","1,355.880","1,347.180","","-0.41%"
"13/02/2026","1,354.290","1,354.710","1,357.305","1,349.825","","0.12%"
"12/02/2026","1,352.675","1,351.260","1,356.020","1,348.795","","0.10%"
"11/02/2026","1,351.260","1,355.740","1,362.780","1,347.390","","-0.39%"
"10/02/2026","1,356.490","1,361.190","1,363.930","1,348.720","","-0.51%"
"09/02/2026","1,363.500","1,363.860","1,366.045","1,355.515","","-0.25%"
"06/02/2026","1,366.965","1,367.870","1,370.095","1,361.930","","0.19%"
"05/02/2026","1,364.340","1,366.230","1,371.625","1,363.175","","-0.14%"
"04/02/2026","1,366.230","1,382.610","1,392.170","1,363.260","","-1.85%"
"03/02/2026","1,392.000","1,391.340","1,401.830","1,382.035","","-0.15%"
"02/02/2026","1,394.130","1,392.000","1,398.500","1,385.250","","0.55%"
"30/01/2026","1,386.455","1,385.960","1,392.080","1,382.285","","0.07%"
"29/01/2026","1,385.500","1,393.230","1,396.965","1,375.645","","-0.66%"
"28/01/2026","1,394.770","1,407.670","1,409.865","1,392.495","","-0.92%"
"27/01/2026","1,407.760","1,416.915","1,418.855","1,405.495","","-0.64%"
"26/01/2026","1,416.875","1,421.485","1,422.950","1,408.500","","-0.27%"
"23/01/2026","1,420.745","1,419.760","1,423.770","1,418.205","","-0.06%"
"22/01/2026","1,421.570","1,420.245","1,423.620","1,418.660","","0.10%"
"21/01/2026","1,420.220","1,416.490","1,422.945","1,416.110","","0.11%"
"20/01/2026","1,418.655","1,417.100","1,422.610","1,415.845","","-0.05%"
"19/01/2026","1,419.415","1,420.000","1,423.430","1,415.790","","0.16%"
"16/01/2026","1,417.160","1,422.295","1,424.500","1,416.560","","-0.36%"
"15/01/2026","1,422.270","1,418.920","1,425.010","1,415.705","","0.04%"
"14/01/2026","1,421.735","1,421.995","1,426.500","1,418.110","","-0.02%"
"13/01/2026","1,421.985","1,424.075","1,425.635","1,419.050","","-0.15%"
"12/01/2026","1,424.065","1,420.660","1,428.080","1,419.730","","-0.34%"
"09/01/2026","1,428.870","1,424.205","1,429.655","1,418.895","","0.33%"
"08/01/2026","1,424.175","1,422.655","1,427.000","1,418.750","","0.12%"
"07/01/2026","1,422.410","1,424.360","1,431.500","1,412.525","","-0.14%"
"06/01/2026","1,424.415","1,433.570","1,435.545","1,423.315","","-0.64%"
"05/01/2026","1,433.540","1,436.000","1,446.375","1,430.375","","-0.01%"
"02/01/2026","1,433.730","1,441.700","1,446.500","1,428.685","","-0.88%"
"01/01/2026","1,446.500","1,444.575","1,446.500","1,441.700","","0.13%"
"31/12/2025","1,444.570","1,454.830","1,454.830","1,440.660","","-0.70%"
"30/12/2025","1,454.815","1,451.000","1,454.815","1,442.485","","0.11%"
"29/12/2025","1,453.285","1,450.660","1,453.960","1,445.345","","0.11%"
"26/12/2025","1,451.620","1,446.420","1,452.395","1,446.420","","0.08%"
"25/12/2025","1,450.530","1,446.420","1,450.890","1,446.420","","0.03%"
"24/12/2025","1,450.130","1,459.995","1,460.390","1,445.905","","-0.78%"
"23/12/2025","1,461.505","1,457.590","1,461.610","1,449.000","","0.27%"
"22/12/2025","1,457.620","1,459.500","1,463.725","1,456.570","","-0.20%"
"19/12/2025","1,460.505","1,455.750","1,464.555","1,455.375","","0.33%"
"18/12/2025","1,455.750","1,455.950","1,459.890","1,452.650","","0.13%"
"17/12/2025","1,453.840","1,453.965","1,459.490","1,451.490","","0.13%"
"16/12/2025","1,451.980","1,450.540","1,456.660","1,449.765","","0.02%"
"15/12/2025","1,451.700","1,448.680","1,455.430","1,448.340","","-0.10%"
"12/12/2025","1,453.135","1,452.795","1,459.000","1,447.790","","0.04%"
"11/12/2025","1,452.565","1,454.330","1,456.725","1,447.000","","-0.12%"
"10/12/2025","1,454.330","1,451.500","1,457.230","1,450.100","","0.19%"
"09/12/2025","1,451.510","1,451.280","1,455.190","1,449.255","","0.15%"
"08/12/2025","1,449.390","1,447.920","1,454.575","1,447.920","","-0.02%"
"05/12/2025","1,449.665","1,449.220","1,452.080","1,446.160","","0.03%"
"04/12/2025","1,449.230","1,447.515","1,450.225","1,443.720","","0.12%"
"03/12/2025","1,447.515","1,446.985","1,449.105","1,442.520","","0.04%"
"02/12/2025","1,446.985","1,442.720","1,449.185","1,442.720","","0.00%"
"01/12/2025","1,446.915","1,443.000","1,450.095","1,439.820","","-0.03%"
"28/11/2025","1,447.335","1,446.315","1,448.510","1,442.250","","0.07%"
"27/11/2025","1,446.315","1,446.910","1,447.905","1,440.240","","-0.04%"
"26/11/2025","1,446.890","1,449.365","1,449.565","1,440.750","","-0.18%"
"25/11/2025","1,449.430","1,452.080","1,458.830","1,447.285","","-0.39%"
"24/11/2025","1,455.095","1,450.770","1,459.295","1,450.770","","0.19%"
"21/11/2025","1,452.345","1,453.480","1,457.955","1,450.245","","-0.08%"
"20/11/2025","1,453.490","1,452.350","1,459.500","1,445.555","","0.22%"
"19/11/2025","1,450.270","1,448.715","1,455.000","1,446.505","","0.06%"
"18/11/2025","1,449.350","1,445.105","1,452.575","1,442.180","","0.30%"
"17/11/2025","1,445.075","1,439.820","1,447.760","1,439.475","","0.24%"
"14/11/2025","1,441.560","1,440.645","1,445.965","1,437.370","","0.06%"
"13/11/2025","1,440.665","1,443.330","1,445.365","1,437.370","","-0.01%"
"12/11/2025","1,440.850","1,435.230","1,442.820","1,435.230","","0.09%"
"11/11/2025","1,439.560","1,438.500","1,441.055","1,434.920","","0.07%"
"10/11/2025","1,438.495","1,435.030","1,440.815","1,433.840","","0.24%"
"07/11/2025","1,435.030","1,435.300","1,439.225","1,433.700","","-0.19%"
"06/11/2025","1,437.825","1,441.050","1,443.565","1,434.470","","-0.22%"
"05/11/2025","1,441.015","1,440.650","1,443.140","1,434.940","","-0.07%"
"04/11/2025","1,442.040","1,441.350","1,442.610","1,435.190","","0.04%"
"03/11/2025","1,441.410","1,446.810","1,454.625","1,425.100","","-0.37%"
"31/10/2025","1,446.810","1,443.305","1,451.970","1,429.150","","0.31%"
"30/10/2025","1,442.290","1,448.850","1,459.335","1,441.450","","-0.44%"
"29/10/2025","1,448.730","1,455.080","1,456.205","1,445.935","","-0.43%"
"28/10/2025","1,454.980","1,458.240","1,460.280","1,449.970","","-0.22%"
"27/10/2025","1,458.245","1,459.780","1,464.940","1,454.905","","-0.15%"
"24/10/2025","1,460.465","1,463.860","1,464.415","1,457.995","","-0.23%"
"23/10/2025","1,463.870","1,463.690","1,466.500","1,458.605","","0.03%"
"22/10/2025","1,463.450","1,465.045","1,468.500","1,462.650","","-0.11%"
"21/10/2025","1,465.040","1,466.380","1,470.925","1,463.040","","-0.05%"
"20/10/2025","1,465.770","1,468.990","1,475.870","1,465.065","","-0.25%"
"17/10/2025","1,469.400","1,469.670","1,475.170","1,463.000","","0.02%"
"16/10/2025","1,469.130","1,468.830","1,471.085","1,461.570","","0.03%"
"15/10/2025","1,468.680","1,460.630","1,468.680","1,456.500","","0.71%"
"14/10/2025","1,458.350","1,459.965","1,465.530","1,454.170","","-0.13%"
"13/10/2025","1,460.185","1,459.730","1,464.500","1,454.170","","-0.13%"
"10/10/2025","1,462.110","1,475.815","1,503.750","1,457.765","","-0.93%"
"09/10/2025","1,475.835","1,470.600","1,476.225","1,467.760","","0.19%"
"08/10/2025","1,473.000","1,470.775","1,475.215","1,465.750","","0.15%"
"07/10/2025","1,470.775","1,466.200","1,475.385","1,464.730","","-0.03%"
"06/10/2025","1,471.200","1,461.530","1,472.695","1,460.215","","0.00%"
"03/10/2025","1,471.165","1,469.730","1,471.510","1,460.065","","0.10%"
"02/10/2025","1,469.730","1,477.700","1,486.000","1,455.800","","-0.91%"
"01/10/2025","1,483.195","1,483.240","1,485.875","1,477.590","","0.00%"
"30/09/2025","1,483.175","1,481.590","1,486.265","1,475.000","","-0.17%"
"29/09/2025","1,485.675","1,484.910","1,488.135","1,480.310","","-0.04%"
"26/09/2025","1,486.220","1,490.015","1,503.750","1,483.040","","-0.26%"
"25/09/2025","1,490.020","1,491.880","1,493.600","1,486.155","","-0.12%"
"24/09/2025","1,491.880","1,490.375","1,494.535","1,486.755","","0.10%"
"23/09/2025","1,490.345","1,488.650","1,494.805","1,486.420","","-0.20%"
"22/09/2025","1,493.275","1,495.500","1,497.750","1,488.350","","0.03%"
"19/09/2025","1,492.810","1,497.655","1,501.895","1,490.775","","-0.19%"
"18/09/2025","1,495.655","1,495.590","1,500.145","1,488.620","","0.01%"
"17/09/2025","1,495.510","1,491.350","1,497.045","1,487.155","","0.02%"
"16/09/2025","1,495.250","1,498.150","1,501.515","1,488.900","","-0.19%"
"15/09/2025","1,498.100","1,500.500","1,505.220","1,497.370","","-0.10%"
"12/09/2025","1,499.590","1,502.270","1,504.620","1,499.040","","-0.34%"
"11/09/2025","1,504.700","1,504.075","1,508.450","1,498.000","","0.07%"
"10/09/2025","1,503.630","1,506.160","1,514.500","1,500.990","","-0.17%"
"09/09/2025","1,506.175","1,507.730","1,512.610","1,503.110","","-0.02%"
"08/09/2025","1,506.490","1,517.510","1,527.120","1,503.140","","-1.43%"
"05/09/2025","1,528.295","1,526.190","1,529.410","1,517.510","","0.14%"
"04/09/2025","1,526.190","1,525.470","1,539.505","1,517.805","","-0.86%"
"03/09/2025","1,539.505","1,536.405","1,539.505","1,524.730","","0.03%"
"02/09/2025","1,539.000","1,528.730","1,539.000","1,525.285","","0.61%"
"01/09/2025","1,529.680","1,532.570","1,534.605","1,526.235","","-0.47%"
"29/08/2025","1,536.950","1,534.320","1,537.440","1,531.800","","0.20%"
"28/08/2025","1,533.880","1,536.070","1,538.975","1,533.455","","-0.16%"
"27/08/2025","1,536.265","1,537.000","1,538.315","1,533.155","","-0.05%"
"26/08/2025","1,536.960","1,536.680","1,537.940","1,530.380","","0.03%"
"25/08/2025","1,536.560","1,535.040","1,537.750","1,519.460","","0.07%"
"22/08/2025","1,535.550","1,536.770","1,539.625","1,533.265","","-0.08%"
"21/08/2025","1,536.760","1,532.930","1,537.600","1,532.930","","0.00%"
"20/08/2025","1,536.810","1,534.310","1,537.845","1,532.585","","0.25%"
"19/08/2025","1,533.010","1,529.770","1,536.400","1,529.770","","-0.08%"
"18/08/2025","1,534.260","1,529.000","1,535.530","1,528.715","","0.32%"
"15/08/2025","1,529.430","1,531.280","1,535.375","1,529.215","","-0.12%"
"14/08/2025","1,531.280","1,531.800","1,536.200","1,531.280","","-0.03%"
"13/08/2025","1,531.800","1,534.000","1,537.565","1,531.625","","-0.29%"
"12/08/2025","1,536.205","1,536.145","1,538.055","1,533.855","","0.00%"
"11/08/2025","1,536.130","1,532.000","1,536.690","1,530.030","","0.22%"
"08/08/2025","1,532.705","1,534.440","1,535.455","1,529.395","","-0.11%"
"07/08/2025","1,534.465","1,530.000","1,536.205","1,524.875","","0.21%"
"06/08/2025","1,531.200","1,532.260","1,534.205","1,525.080","","0.32%"
"05/08/2025","1,526.315","1,524.670","1,534.420","1,519.265","","0.05%"
"04/08/2025","1,525.600","1,519.000","1,535.300","1,509.000","","-0.48%"
"01/08/2025","1,532.965","1,530.890","1,534.940","1,528.005","","0.14%"
"31/07/2025","1,530.895","1,531.765","1,534.410","1,529.000","","0.04%"
"30/07/2025","1,530.350","1,532.120","1,536.080","1,529.105","","-0.17%"
"29/07/2025","1,533.000","1,530.770","1,535.075","1,528.510","","0.15%"
"28/07/2025","1,530.765","1,528.000","1,534.025","1,525.375","","-0.12%"
"25/07/2025","1,532.655","1,532.960","1,534.385","1,527.505","","0.03%"
"24/07/2025","1,532.195","1,533.195","1,535.555","1,523.000","","-0.06%"
"23/07/2025","1,533.165","1,527.050","1,535.240","1,526.085","","0.10%"
"22/07/2025","1,531.585","1,531.785","1,536.205","1,526.525","","0.11%"
"21/07/2025","1,529.970","1,528.950","1,537.060","1,527.475","","-0.13%"
"18/07/2025","1,531.930","1,533.310","1,535.315","1,526.440","","0.29%"
"17/07/2025","1,527.510","1,530.195","1,532.810","1,525.160","","-0.18%"
"16/07/2025","1,530.195","1,527.935","1,531.165","1,524.285","","0.13%"
"15/07/2025","1,528.220","1,528.020","1,534.250","1,526.345","","-0.04%"
"14/07/2025","1,528.860","1,528.500","1,533.985","1,525.590","","-0.14%"
"11/07/2025","1,531.035","1,530.395","1,534.275","1,524.090","","0.04%"
"10/07/2025","1,530.395","1,532.210","1,534.500","1,523.165","","-0.13%"
"09/07/2025","1,532.315","1,533.105","1,535.285","1,525.920","","-0.05%"
"08/07/2025","1,533.060","1,531.970","1,534.545","1,527.235","","-0.05%"
"07/07/2025","1,533.845","1,527.500","1,535.115","1,524.970","","0.24%"
"04/07/2025","1,530.200","1,533.005","1,533.170","1,524.805","","-0.17%"
"03/07/2025","1,532.740","1,531.970","1,535.000","1,523.935","","0.05%"
"02/07/2025","1,531.985","1,534.080","1,536.480","1,524.835","","-0.14%"
"01/07/2025","1,534.080","1,545.000","1,545.000","1,530.050","","-0.15%"
"30/06/2025","1,536.375","1,543.500","1,545.500","1,528.675","","-0.40%"
"27/06/2025","1,542.470","1,542.670","1,550.500","1,537.745","","-0.01%"
"26/06/2025","1,542.665","1,549.865","1,552.330","1,539.460","","-0.47%"
"25/06/2025","1,549.880","1,548.530","1,552.520","1,544.850","","0.06%"
"24/06/2025","1,548.905","1,547.040","1,553.270","1,544.850","","-0.07%"
"23/06/2025","1,550.015","1,549.500","1,555.750","1,544.760","","0.09%"
"20/06/2025","1,548.610","1,548.800","1,554.200","1,545.290","","-0.01%"
"19/06/2025","1,548.795","1,546.945","1,552.805","1,543.695","","0.12%"
"18/06/2025","1,546.940","1,543.170","1,549.900","1,542.375","","0.12%"
"17/06/2025","1,545.150","1,543.485","1,549.880","1,542.085","","0.11%"
"16/06/2025","1,543.490","1,548.600","1,558.800","1,541.375","","-0.09%"
"13/06/2025","1,544.875","1,541.505","1,562.500","1,537.900","","0.29%"
"12/06/2025","1,540.380","1,559.000","1,559.000","1,533.000","","-0.18%"
"11/06/2025","1,543.100","1,544.165","1,559.000","1,538.500","","-0.07%"
"10/06/2025","1,544.190","1,558.105","1,560.015","1,539.420","","-0.89%"
"09/06/2025","1,558.120","1,560.500","1,562.500","1,554.830","","0.00%"
"06/06/2025","1,558.155","1,560.015","1,563.245","1,554.580","","-0.04%"
"05/06/2025","1,558.845","1,577.470","1,583.425","1,554.840","","-1.18%"
"04/06/2025","1,577.380","1,581.265","1,584.500","1,573.130","","-0.24%"
"03/06/2025","1,581.235","1,582.000","1,587.075","1,578.000","","-0.19%"
"02/06/2025","1,584.210","1,587.000","1,590.500","1,580.275","","-0.24%"
"30/05/2025","1,587.950","1,589.810","1,591.585","1,585.880","","-0.12%"
"29/05/2025","1,589.810","1,585.640","1,592.760","1,585.320","","0.15%"
"28/05/2025","1,587.470","1,585.350","1,589.715","1,584.350","","0.06%"
"27/05/2025","1,586.440","1,583.345","1,590.000","1,581.630","","0.20%"
"26/05/2025","1,583.345","1,586.500","1,587.695","1,579.865","","-0.33%"
"23/05/2025","1,588.615","1,587.840","1,591.165","1,583.355","","-0.09%"
"22/05/2025","1,590.015","1,587.930","1,593.350","1,586.920","","0.14%"
"21/05/2025","1,587.855","1,596.420","1,598.505","1,580.000","","-0.53%"
"20/05/2025","1,596.260","1,599.480","1,607.130","1,593.510","","-0.23%"
"19/05/2025","1,599.945","1,602.000","1,607.125","1,596.350","","-0.11%"
"16/05/2025","1,601.680","1,600.740","1,605.175","1,593.850","","0.09%"
"15/05/2025","1,600.180","1,600.080","1,604.645","1,596.475","","-0.04%"
"14/05/2025","1,600.835","1,601.870","1,604.310","1,597.515","","-0.07%"
"13/05/2025","1,601.880","1,606.150","1,606.575","1,597.820","","-0.09%"
"12/05/2025","1,603.305","1,608.000","1,613.210","1,598.700","","-0.24%"
"09/05/2025","1,607.220","1,610.165","1,613.895","1,604.625","","-0.18%"
"08/05/2025","1,610.145","1,607.455","1,612.370","1,605.555","","0.17%"
"07/05/2025","1,607.490","1,606.715","1,613.410","1,603.650","","0.05%"
"06/05/2025","1,606.735","1,607.095","1,610.290","1,601.980","","-0.02%"
"05/05/2025","1,607.080","1,605.500","1,610.000","1,600.370","","0.22%"
"02/05/2025","1,603.580","1,605.615","1,610.000","1,600.425","","-0.13%"
"01/05/2025","1,605.615","1,602.065","1,610.000","1,597.440","","0.20%"
"30/04/2025","1,602.390","1,603.530","1,610.000","1,597.440","","-0.07%"
"29/04/2025","1,603.540","1,603.950","1,610.425","1,599.950","","-0.03%"
"28/04/2025","1,603.950","1,608.500","1,612.500","1,602.260","","-0.23%"
"25/04/2025","1,607.660","1,606.675","1,613.835","1,603.610","","-0.05%"
"24/04/2025","1,608.435","1,607.110","1,614.225","1,602.835","","0.07%"
"23/04/2025","1,607.300","1,605.080","1,615.430","1,599.730","","0.20%"
"22/04/2025","1,604.135","1,599.580","1,613.625","1,590.290","","0.21%"
"21/04/2025","1,600.710","1,605.000","1,612.300","1,599.290","","0.01%"
"18/04/2025","1,600.500","1,599.140","1,612.125","1,599.070","","-0.02%"
"17/04/2025","1,600.770","1,601.370","1,611.880","1,585.070","","0.22%"
"16/04/2025","1,597.290","1,605.350","1,620.855","1,590.195","","-0.35%"
"15/04/2025","1,602.820","1,610.390","1,610.870","1,596.685","","0.28%"
"14/04/2025","1,598.380","1,594.500","1,625.400","1,576.500","","0.08%"
"11/04/2025","1,597.130","1,589.500","1,627.730","1,585.845","","0.63%"
"10/04/2025","1,587.120","1,586.100","1,622.030","1,567.375","","1.24%"
"09/04/2025","1,567.630","1,569.120","1,642.355","1,551.500","","1.33%"
"08/04/2025","1,547.080","1,582.820","1,623.250","1,547.665","","-2.20%"
"07/04/2025","1,581.820","1,538.000","1,643.210","1,530.420","","3.43%"
"04/04/2025","1,529.370","1,538.055","1,589.655","1,530.025","","-0.24%"
"03/04/2025","1,533.000","1,536.935","1,543.500","1,529.775","","-0.03%"
"02/04/2025","1,533.390","1,541.780","1,541.915","1,526.500","","-0.16%"
"01/04/2025","1,535.920","1,537.730","1,541.885","1,529.685","","0.07%"
"31/03/2025","1,534.830","1,526.500","1,538.855","1,523.500","","0.01%"
"28/03/2025","1,534.730","1,537.425","1,541.800","1,530.000","","0.07%"
"27/03/2025","1,533.640","1,532.500","1,541.465","1,529.250","","0.06%"
"26/03/2025","1,532.710","1,530.500","1,538.985","1,523.000","","0.57%"
"25/03/2025","1,524.000","1,520.000","1,535.340","1,520.000","","0.33%"
"24/03/2025","1,519.000","1,536.000","1,550.000","1,520.000","","-1.68%"
"21/03/2025","1,545.000","1,520.000","1,550.000","1,520.000","","1.71%"
"20/03/2025","1,519.000","1,520.000","1,550.000","1,520.000","","0.00%"
"19/03/2025","1,519.000","1,528.030","1,550.000","1,520.000","","-0.53%"
"18/03/2025","1,527.030","1,547.820","1,550.910","1,528.030","","-1.16%"
"17/03/2025","1,545.000","1,547.820","1,553.410","1,533.000","","-0.12%"
"14/03/2025","1,546.820","1,550.000","1,550.000","1,507.500","","-0.21%"
"13/03/2025","1,550.000","1,532.000","1,560.000","1,507.500","","1.24%"
"12/03/2025","1,531.000","1,529.000","1,552.500","1,529.000","","0.20%"
"11/03/2025","1,528.000","1,535.000","1,538.000","1,515.000","","-0.39%"
"10/03/2025","1,534.000","1,512.300","1,540.000","1,509.150","","1.59%"
"07/03/2025","1,510.000","1,500.800","1,522.500","1,499.900","","0.68%"
"06/03/2025","1,499.800","1,491.670","1,514.000","1,491.670","","0.61%"
"05/03/2025","1,490.670","1,498.000","1,503.500","1,491.670","","-0.42%"
"04/03/2025","1,497.000","1,499.070","1,507.500","1,494.500","","-0.07%"
"03/03/2025","1,498.000","1,499.070","1,503.035","1,498.535","","0.00%"
"28/02/2025","1,498.000","1,499.110","1,503.500","1,497.535","","0.00%"
"27/02/2025","1,498.000","1,495.910","1,499.555","1,495.910","","0.21%"
"26/02/2025","1,494.910","1,497.110","1,500.000","1,495.910","","-0.08%"
"25/02/2025","1,496.110","1,500.730","1,507.365","1,494.055","","-0.24%"
"24/02/2025","1,499.730","1,500.520","1,511.000","1,494.000","","0.01%"
"21/02/2025","1,499.520","1,509.040","1,511.520","1,491.500","","-0.56%"
"20/02/2025","1,508.040","1,504.000","1,513.020","1,480.000","","0.34%"
"19/02/2025","1,503.000","1,505.000","1,512.500","1,503.500","","-0.07%"
"18/02/2025","1,504.000","1,511.000","1,512.500","1,503.000","","-0.40%"
"17/02/2025","1,510.000","1,510.000","1,515.000","1,505.000","","0.07%"
"14/02/2025","1,509.000","1,504.300","1,515.000","1,502.650","","0.60%"
"13/02/2025","1,500.000","1,499.780","1,540.000","1,490.000","","0.08%"
"12/02/2025","1,498.780","1,499.780","1,515.000","1,497.890","","0.00%"
"11/02/2025","1,498.780","1,497.410","1,505.000","1,497.410","","0.16%"
"10/02/2025","1,496.410","1,497.410","1,511.000","1,494.205","","0.00%"
"07/02/2025","1,496.410","1,497.410","1,506.500","1,494.205","","0.00%"
"06/02/2025","1,496.410","1,497.410","1,507.500","1,494.205","","0.00%"
"05/02/2025","1,496.410","1,488.990","1,500.705","1,488.990","","0.57%"
"04/02/2025","1,487.990","1,483.000","1,499.000","1,478.110","","0.73%"
"03/02/2025","1,477.220","1,481.000","1,550.000","1,442.500","","-0.19%"
"31/01/2025","1,480.000","1,499.000","1,515.000","1,442.500","","-1.20%"
"30/01/2025","1,498.000","1,550.480","1,553.240","1,491.000","","-3.32%"
"29/01/2025","1,549.480","1,550.480","1,561.000","1,508.000","","0.00%"
"28/01/2025","1,549.480","1,550.480","1,555.000","1,513.100","","0.00%"
"27/01/2025","1,549.480","1,550.480","1,557.500","1,529.000","","0.10%"
"24/01/2025","1,548.000","1,557.000","1,559.460","1,505.000","","0.06%"
"23/01/2025","1,547.000","1,557.000","1,560.460","1,548.625","","0.00%"
"22/01/2025","1,547.000","1,555.000","1,559.125","1,547.000","","0.13%"
"21/01/2025","1,545.000","1,554.110","1,556.500","1,546.555","","0.06%"
"20/01/2025","1,544.110","1,549.200","1,573.600","1,544.500","","-0.17%"
"17/01/2025","1,546.710","1,560.200","1,562.600","1,547.600","","-0.23%"
"16/01/2025","1,550.200","1,555.000","1,572.600","1,544.335","","0.34%"
"15/01/2025","1,545.000","1,553.570","1,573.335","1,545.710","","0.09%"
"14/01/2025","1,543.570","1,549.330","1,570.425","1,541.180","","0.28%"
"13/01/2025","1,539.330","1,533.610","1,565.835","1,533.610","","-0.15%"
"10/01/2025","1,541.670","1,551.290","1,565.835","1,533.610","","0.02%"
"09/01/2025","1,541.290","1,543.830","1,567.145","1,533.610","","0.49%"
"08/01/2025","1,533.830","1,538.800","1,562.500","1,531.705","","0.33%"
"07/01/2025","1,528.800","1,542.500","1,543.030","1,531.705","","-0.24%"
"06/01/2025","1,532.500","1,536.000","1,560.000","1,530.000","","-0.07%"
"03/01/2025","1,533.500","1,548.000","1,559.000","1,528.500","","-0.29%"
"02/01/2025","1,538.000","1,544.000","1,548.000","1,536.785","","0.03%"
"01/01/2025","1,537.570","1,538.570","1,538.570","1,538.570","","0.23%"
"31/12/2024","1,534.000","1,544.000","1,545.785","1,536.785","","0.00%"
"30/12/2024","1,534.000","1,538.570","1,559.500","1,532.285","","-0.32%"
"27/12/2024","1,539.000","1,538.570","1,559.500","1,532.285","","0.09%"
"26/12/2024","1,537.570","1,538.570","1,538.570","1,538.570","","0.12%"
"25/12/2024","1,535.720","1,535.720","1,535.720","1,535.720","","-0.15%"
"24/12/2024","1,538.070","1,548.070","1,548.070","1,536.720","","0.00%"
"23/12/2024","1,538.070","1,537.430","1,560.000","1,531.465","","0.00%"
"20/12/2024","1,538.070","1,551.430","1,551.430","1,537.430","","-0.22%"
"19/12/2024","1,541.430","1,555.450","1,555.450","1,534.110","","-0.26%"
"18/12/2024","1,545.450","1,556.750","1,637.500","1,527.275","","-0.08%"
"17/12/2024","1,546.750","1,533.270","1,556.750","1,533.270","","0.95%"
"16/12/2024","1,532.270","1,534.600","1,556.800","1,529.635","","-0.47%"
"13/12/2024","1,539.500","1,547.450","1,549.500","1,533.090","","0.13%"
"12/12/2024","1,537.450","1,549.290","1,562.145","1,526.555","","-0.12%"
"11/12/2024","1,539.290","1,547.500","1,557.000","1,526.555","","0.12%"
"10/12/2024","1,537.500","1,542.470","1,547.500","1,533.615","","0.33%"
"09/12/2024","1,532.470","1,588.790","1,707.500","1,485.000","","-0.65%"
"06/12/2024","1,542.500","1,605.300","1,652.730","1,535.000","","-3.31%"
"05/12/2024","1,595.300","1,628.620","1,640.340","1,550.000","","-1.44%"
"04/12/2024","1,618.620","1,658.360","1,680.260","1,612.500","","-1.80%"
"03/12/2024","1,648.360","1,672.920","1,682.090","1,640.000","","-0.76%"
"02/12/2024","1,660.920","1,682.890","1,700.000","1,652.700","","-0.60%"
"29/11/2024","1,670.890","1,682.890","1,689.630","1,642.500","","0.00%"
"28/11/2024","1,670.890","1,689.660","1,690.190","1,620.000","","-0.40%"
"27/11/2024","1,677.660","1,689.530","1,698.610","1,679.125","","0.01%"
"26/11/2024","1,677.530","1,681.260","1,705.000","1,665.990","","0.50%"
"25/11/2024","1,669.260","1,688.780","1,713.890","1,650.000","","-0.72%"
"22/11/2024","1,681.390","1,693.360","1,703.890","1,675.600","","0.00%"
"21/11/2024","1,681.360","1,681.070","1,693.360","1,672.835","","0.74%"
"20/11/2024","1,669.070","1,678.690","1,717.500","1,671.645","","0.14%"
"19/11/2024","1,666.690","1,676.950","1,708.610","1,650.000","","0.10%"
"18/11/2024","1,664.950","1,658.930","1,697.500","1,657.280","","0.62%"
"15/11/2024","1,654.630","1,679.910","1,689.740","1,635.000","","-0.80%"
"14/11/2024","1,667.910","1,679.910","1,691.285","1,677.285","","0.00%"
"13/11/2024","1,667.910","1,675.350","1,717.500","1,675.350","","0.27%"
"12/11/2024","1,663.350","1,673.150","1,679.310","1,645.000","","0.13%"
"11/11/2024","1,661.150","1,665.840","1,717.500","1,635.000","","0.00%"
"08/11/2024","1,661.150","1,678.050","1,707.705","1,650.000","","-0.29%"
"07/11/2024","1,666.050","1,671.800","1,717.500","1,650.000","","0.38%"
"06/11/2024","1,659.800","1,661.510","1,682.050","1,657.935","","0.62%"
"05/11/2024","1,649.510","1,666.410","1,690.205","1,638.180","","0.38%"
"04/11/2024","1,643.260","1,651.440","1,697.500","1,634.130","","0.00%"
"01/11/2024","1,643.260","1,643.260","1,664.390","1,635.220","","0.00%"
"31/10/2024","1,643.260","1,643.260","1,666.180","1,635.520","","0.00%"
"30/10/2024","1,643.260","1,643.260","1,672.050","1,629.130","","0.00%"
"29/10/2024","1,643.260","1,643.260","1,687.050","1,642.050","","0.00%"
"28/10/2024","1,643.260","1,643.260","1,677.500","1,626.130","","0.00%"
"25/10/2024","1,643.260","1,643.260","1,677.830","1,627.475","","0.00%"
"24/10/2024","1,643.260","1,643.260","1,660.330","1,629.800","","0.00%"
"23/10/2024","1,643.260","1,643.260","1,653.800","1,624.130","","0.00%"
"22/10/2024","1,643.260","1,643.260","1,659.995","1,629.670","","0.00%"
"21/10/2024","1,643.260","1,652.730","1,670.865","1,627.500","","0.51%"
"18/10/2024","1,635.000","1,635.000","1,656.080","1,631.865","","0.00%"
"17/10/2024","1,635.000","1,635.000","1,669.845","1,622.500","","0.00%"
"16/10/2024","1,635.000","1,635.000","1,672.345","1,603.080","","0.00%"
"15/10/2024","1,635.000","1,635.000","1,657.500","1,602.040","","0.00%"
"14/10/2024","1,635.000","1,626.330","1,642.665","1,611.165","","0.93%"
"11/10/2024","1,620.000","1,620.000","1,636.095","1,611.165","","0.00%"
"10/10/2024","1,620.000","1,620.000","1,638.595","1,590.690","","0.00%"
"09/10/2024","1,620.000","1,620.000","1,637.150","1,590.690","","0.00%"
"08/10/2024","1,620.000","1,620.000","1,657.860","1,610.000","","0.00%"
"07/10/2024","1,620.000","1,657.860","1,657.860","1,607.500","","0.00%"
"04/10/2024","1,620.000","1,645.000","1,663.555","1,605.000","","-1.52%"
"03/10/2024","1,645.000","1,668.970","1,690.055","1,601.530","","-1.44%"
"02/10/2024","1,668.970","1,668.970","1,668.970","1,601.530","","0.00%"
"01/10/2024","1,668.970","1,668.970","1,673.485","1,601.530","","0.00%"
"30/09/2024","1,668.970","1,668.970","1,683.110","1,635.000","","0.00%"
"27/09/2024","1,668.970","1,653.270","1,680.095","1,631.635","","0.95%"
"26/09/2024","1,653.270","1,653.270","1,680.000","1,597.980","","0.00%"
"25/09/2024","1,653.270","1,597.980","1,674.000","1,597.980","","3.52%"
"24/09/2024","1,596.980","1,639.200","1,639.200","1,594.070","","-2.58%"
"23/09/2024","1,639.200","1,639.200","1,660.000","1,547.525","","0.00%"
"20/09/2024","1,639.200","1,639.200","1,660.000","1,594.370","","0.00%"
"19/09/2024","1,639.200","1,639.200","1,659.370","1,594.370","","0.00%"
"18/09/2024","1,639.200","1,639.200","1,661.870","1,617.500","","0.00%"
"17/09/2024","1,639.200","1,639.200","1,657.100","1,512.500","","0.00%"
"16/09/2024","1,639.200","1,646.130","1,655.065","1,630.665","","0.00%"
"13/09/2024","1,639.200","1,655.000","1,662.565","1,581.210","","-0.95%"
"12/09/2024","1,655.000","1,655.000","1,665.000","1,497.500","","0.00%"
"11/09/2024","1,655.000","1,645.000","1,655.000","1,606.725","","0.61%"
"10/09/2024","1,645.000","1,645.000","1,649.325","1,592.500","","0.00%"
"09/09/2024","1,645.000","1,621.020","1,649.325","1,600.000","","2.49%"
"06/09/2024","1,605.000","1,605.000","1,640.000","1,601.010","","0.00%"
"05/09/2024","1,605.000","1,605.000","1,625.375","1,588.035","","0.00%"
"04/09/2024","1,605.000","1,590.000","1,617.500","1,580.535","","0.94%"
"03/09/2024","1,590.000","1,590.000","1,610.000","1,582.135","","0.00%"
"02/09/2024","1,590.000","1,598.640","1,606.320","1,582.320","","0.00%"
"30/08/2024","1,590.000","1,590.000","1,608.900","1,582.320","","0.00%"
"29/08/2024","1,590.000","1,590.000","1,611.400","1,579.075","","0.00%"
"28/08/2024","1,590.000","1,590.000","1,612.500","1,576.570","","0.00%"
"27/08/2024","1,590.000","1,590.000","1,610.000","1,576.570","","0.00%"
"26/08/2024","1,590.000","1,592.970","1,603.485","1,569.070","","0.95%"
"23/08/2024","1,575.000","1,575.000","1,608.485","1,560.515","","0.00%"
"22/08/2024","1,575.000","1,575.000","1,600.000","1,560.515","","0.00%"
"21/08/2024","1,575.000","1,575.690","1,606.175","1,563.345","","0.00%"
"20/08/2024","1,575.000","1,590.000","1,608.885","1,558.345","","-0.94%"
"19/08/2024","1,590.000","1,585.340","1,624.670","1,557.500","","0.00%"
"16/08/2024","1,590.000","1,590.000","1,622.170","1,560.885","","0.00%"
"15/08/2024","1,590.000","1,590.000","1,609.885","1,557.700","","0.00%"
"14/08/2024","1,590.000","1,590.000","1,615.000","1,555.025","","0.00%"
"13/08/2024","1,590.000","1,590.000","1,611.510","1,552.500","","0.00%"
"12/08/2024","1,590.000","1,590.000","1,616.515","1,555.000","","0.44%"
"09/08/2024","1,583.030","1,590.000","1,633.040","1,555.000","","-0.44%"
"08/08/2024","1,590.000","1,555.000","1,627.760","1,535.000","","2.25%"
"07/08/2024","1,555.000","1,580.000","1,618.260","1,510.000","","-1.58%"
"06/08/2024","1,580.000","1,580.000","1,630.855","1,579.260","","0.00%"
"05/08/2024","1,580.000","1,580.000","1,618.355","1,560.000","","0.00%"
"02/08/2024","1,580.000","1,660.000","1,662.500","1,580.000","","-4.82%"
"01/08/2024","1,660.000","1,660.000","1,665.000","1,608.460","","0.00%"
"31/07/2024","1,660.000","1,660.000","1,670.000","1,605.000","","0.00%"
"30/07/2024","1,660.000","1,620.000","1,660.000","1,591.680","","2.47%"
"29/07/2024","1,620.000","1,620.000","1,630.680","1,550.500","","0.00%"
"26/07/2024","1,620.000","1,620.000","1,629.445","1,542.090","","0.00%"
"25/07/2024","1,620.000","1,620.000","1,622.500","1,305.000","","0.00%"
"24/07/2024","1,620.000","1,625.000","1,625.000","1,534.275","","-0.31%"
"23/07/2024","1,625.000","1,625.000","1,625.000","1,510.000","","0.00%"
"22/07/2024","1,625.000","1,585.800","1,625.000","1,562.500","","0.00%"
"19/07/2024","1,625.000","1,620.000","1,637.500","1,574.450","","0.31%"
"18/07/2024","1,620.000","1,595.000","1,660.000","1,564.745","","1.57%"
"17/07/2024","1,595.000","1,595.000","1,615.000","1,556.000","","0.00%"
"16/07/2024","1,595.000","1,600.000","1,602.805","1,513.500","","-0.31%"
"15/07/2024","1,600.000","1,600.000","1,607.500","1,550.875","","0.00%"
"12/07/2024","1,600.000","1,600.000","1,605.250","1,550.875","","0.00%"
"11/07/2024","1,600.000","1,590.000","1,612.000","1,474.000","","0.63%"
"10/07/2024","1,590.000","1,535.000","1,590.000","1,474.000","","3.58%"
"09/07/2024","1,535.000","1,535.000","1,544.250","1,505.900","","0.00%"
"08/07/2024","1,535.000","1,535.000","1,540.175","1,469.500","","0.00%"
"05/07/2024","1,535.000","1,535.000","1,540.175","1,474.000","","0.00%"
"04/07/2024","1,535.000","1,535.000","1,537.925","1,502.925","","0.00%"
"03/07/2024","1,535.000","1,535.000","1,537.925","1,474.000","","0.00%"
"02/07/2024","1,535.000","1,525.000","1,535.000","1,470.345","","0.66%"
"01/07/2024","1,525.000","1,513.730","1,533.865","1,465.845","","0.00%"
"28/06/2024","1,525.000","1,525.000","1,533.865","1,478.500","","0.00%"
"27/06/2024","1,525.000","1,525.000","1,535.000","1,478.500","","0.00%"
"26/06/2024","1,525.000","1,525.000","1,526.680","1,485.000","","0.00%"
"25/06/2024","1,525.000","1,515.000","1,525.000","1,465.000","","0.66%"
"24/06/2024","1,515.000","1,515.000","1,516.150","1,470.755","","0.00%"
"21/06/2024","1,515.000","1,495.000","1,516.150","1,467.500","","1.34%"
"20/06/2024","1,495.000","1,495.000","1,505.500","1,470.000","","0.00%"
"19/06/2024","1,495.000","1,495.000","1,505.820","1,462.500","","0.00%"
"18/06/2024","1,495.000","1,505.000","1,510.820","1,471.820","","0.90%"
"17/06/2024","1,481.640","1,482.640","1,486.320","1,482.320","","-1.55%"
"14/06/2024","1,505.000","1,525.000","1,525.820","1,470.000","","-1.31%"
"13/06/2024","1,525.000","1,525.000","1,525.025","1,466.000","","0.00%"
"12/06/2024","1,525.000","1,525.000","1,525.500","1,481.025","","0.00%"
"11/06/2024","1,525.000","1,510.000","1,525.320","1,458.400","","0.99%"
"10/06/2024","1,510.000","1,485.820","1,519.910","1,433.400","","4.14%"
"07/06/2024","1,450.000","1,500.000","1,517.410","1,439.585","","-3.33%"
"06/06/2024","1,500.000","1,500.000","1,516.000","1,451.000","","0.00%"
"05/06/2024","1,500.000","1,500.000","1,516.000","1,450.800","","0.00%"
"04/06/2024","1,500.000","1,483.480","1,516.240","1,450.400","","1.21%"
"03/06/2024","1,482.000","1,485.000","1,507.000","1,462.240","","-0.13%"
"31/05/2024","1,484.000","1,197.100","1,510.000","1,197.050","","24.07%"
"30/05/2024","1,196.100","1,321.000","1,495.000","1,197.050","","-9.39%"
"29/05/2024","1,320.000","1,380.000","1,435.000","1,305.500","","1.46%"
"28/05/2024","1,301.000","1,475.000","1,485.000","1,301.500","","-11.74%"
"27/05/2024","1,474.000","1,475.000","1,507.500","1,468.000","","0.00%"
"24/05/2024","1,474.000","1,468.000","1,480.000","1,467.000","","0.48%"
"23/05/2024","1,467.000","1,440.000","1,488.500","1,415.000","","1.88%"
"22/05/2024","1,440.000","1,416.000","1,470.000","1,416.000","","1.77%"
"21/05/2024","1,415.000","1,530.850","1,530.850","1,416.000","","-7.51%"
"20/05/2024","1,529.850","1,468.000","1,534.425","1,456.000","","4.28%"
"17/05/2024","1,467.000","1,521.000","1,525.000","1,434.500","","-3.49%"
"16/05/2024","1,520.000","1,520.000","1,545.000","1,520.000","","0.07%"
"15/05/2024","1,519.000","1,499.000","1,545.000","1,475.000","","1.40%"
"14/05/2024","1,498.000","1,420.900","1,525.000","1,382.500","","5.50%"
"13/05/2024","1,419.900","1,440.800","1,475.000","1,395.000","","-1.38%"
"10/05/2024","1,439.800","1,430.050","1,465.000","1,430.050","","0.75%"
"09/05/2024","1,429.050","1,405.800","1,455.000","1,405.800","","1.73%"
"08/05/2024","1,404.800","1,383.900","1,430.000","1,383.900","","1.50%"
"07/05/2024","1,384.000","1,381.000","1,389.000","1,380.000","","0.29%"
"06/05/2024","1,380.000","1,380.000","1,406.000","1,365.500","","0.07%"
"03/05/2024","1,379.000","1,350.900","1,405.000","1,345.950","","2.16%"
"02/05/2024","1,349.900","1,390.520","1,397.260","1,350.900","","-2.81%"
"01/05/2024","1,389.000","1,390.000","1,394.260","1,390.000","","0.00%"
"30/04/2024","1,389.000","1,415.000","1,415.000","1,365.000","","2.51%"
"29/04/2024","1,355.000","1,380.000","1,390.000","1,356.000","","1.92%"
"26/04/2024","1,329.440","1,278.030","1,385.000","1,278.030","","4.10%"
"25/04/2024","1,277.030","1,350.000","1,400.000","1,278.015","","2.08%"
"24/04/2024","1,251.050","1,231.000","1,345.000","1,231.000","","1.71%"
"23/04/2024","1,230.000","1,275.000","1,310.000","1,216.000","","0.00%"
"22/04/2024","1,230.000","1,115.000","1,255.500","1,003.000","","22.75%"
"19/04/2024","1,002.000","1,148.530","1,350.000","1,002.000","","-12.68%"
"18/04/2024","1,147.530","1,161.710","1,177.855","1,137.265","","-1.14%"
"17/04/2024","1,160.710","1,160.000","1,172.855","1,115.000","","2.00%"
"16/04/2024","1,138.000","1,151.000","1,190.000","1,139.000","","-1.04%"
"15/04/2024","1,150.000","1,190.000","1,190.000","1,143.500","","0.00%"
"12/04/2024","1,150.000","1,247.170","1,263.085","1,151.000","","-7.72%"
"11/04/2024","1,246.170","1,247.170","1,247.170","1,247.050","","1.31%"
"10/04/2024","1,230.000","1,247.170","1,247.170","1,235.000","","-1.30%"
"09/04/2024","1,246.170","1,231.000","1,247.170","1,231.000","","1.31%"
"08/04/2024","1,230.000","1,245.500","1,295.000","1,220.500","","-1.17%"
"05/04/2024","1,244.500","1,350.000","1,354.995","1,237.000","","-7.81%"
"04/04/2024","1,350.000","1,350.000","1,365.000","1,251.000","","0.00%"
"03/04/2024","1,350.000","1,281.000","1,365.000","1,230.000","","5.47%"
"02/04/2024","1,280.000","1,304.340","1,450.000","1,266.000","","-1.79%"
"01/04/2024","1,303.340","1,304.340","1,304.340","1,304.340","","0.03%"
"29/03/2024","1,303.000","1,416.130","1,416.130","1,304.170","","-7.92%"
"28/03/2024","1,415.130","1,416.130","1,420.065","1,290.000","","0.00%"
"27/03/2024","1,415.130","1,405.970","1,550.500","1,285.500","","0.79%"
"26/03/2024","1,404.000","1,448.890","1,577.000","1,275.500","","-3.03%"
"25/03/2024","1,447.890","1,448.890","1,661.000","1,375.500","","0.00%"
"22/03/2024","1,447.890","1,410.940","1,661.000","1,325.500","","2.69%"
"21/03/2024","1,409.940","1,562.190","1,562.190","1,300.500","","-9.69%"
"20/03/2024","1,561.190","1,477.250","1,573.500","1,420.500","","5.75%"
"19/03/2024","1,476.250","1,573.010","1,573.505","1,477.250","","-6.09%"
"18/03/2024","1,572.010","1,610.740","1,610.740","1,400.250","","-2.34%"
"15/03/2024","1,609.740","1,591.500","1,611.870","1,570.250","","1.21%"
"14/03/2024","1,590.500","1,594.500","1,594.955","1,585.500","","-0.15%"
"13/03/2024","1,592.910","1,612.780","1,612.780","1,580.250","","-1.17%"
"12/03/2024","1,611.780","1,625.230","1,625.230","1,575.250","","-0.77%"
"11/03/2024","1,624.230","1,594.340","1,625.230","1,531.000","","1.94%"
"08/03/2024","1,593.340","1,590.140","1,594.340","1,505.500","","0.26%"
"07/03/2024","1,589.140","1,591.170","1,595.500","1,580.250","","-0.06%"
"06/03/2024","1,590.170","1,561.010","1,592.585","1,560.500","","1.93%"
"05/03/2024","1,560.010","1,544.580","1,561.010","1,500.500","","1.06%"
"04/03/2024","1,543.580","1,544.580","1,544.580","1,380.500","","-0.09%"
"01/03/2024","1,545.000","1,617.550","1,617.550","1,300.500","","-4.43%"
"29/02/2024","1,616.550","1,630.660","1,630.660","1,300.500","","-0.80%"
"28/02/2024","1,629.660","1,579.080","1,630.660","1,507.500","","3.27%"
"27/02/2024","1,578.080","1,506.850","1,662.850","1,506.425","","4.80%"
"26/02/2024","1,505.850","1,489.400","1,560.500","1,489.400","","1.17%"
"23/02/2024","1,488.400","1,489.400","1,607.000","1,470.500","","0.00%"
"22/02/2024","1,488.400","1,606.320","1,607.160","1,489.400","","-7.26%"
"21/02/2024","1,605.000","1,606.300","1,680.750","1,420.500","","0.00%"
"20/02/2024","1,605.000","1,493.730","1,607.650","1,490.500","","7.52%"
"19/02/2024","1,492.730","1,493.730","1,531.000","1,250.750","","0.00%"
"16/02/2024","1,492.730","1,517.200","1,530.750","1,493.365","","-1.55%"
"15/02/2024","1,516.200","1,515.590","1,518.600","1,449.500","","0.11%"
"14/02/2024","1,514.590","1,515.590","1,516.795","1,449.500","","0.00%"
"13/02/2024","1,514.590","1,481.980","1,517.295","1,449.500","","0.97%"
"12/02/2024","1,500.000","1,474.620","1,503.750","1,250.750","","1.79%"
"09/02/2024","1,473.620","1,445.060","1,474.620","1,250.500","","2.05%"
"08/02/2024","1,444.060","1,418.130","1,445.060","1,250.500","","1.90%"
"07/02/2024","1,417.130","1,408.000","1,418.130","1,408.000","","0.72%"
"06/02/2024","1,407.000","1,421.020","1,421.020","1,250.500","","-0.92%"
"05/02/2024","1,420.020","1,414.120","1,421.020","1,100.500","","0.49%"
"02/02/2024","1,413.120","1,357.380","1,414.120","950.500","","4.18%"
"01/02/2024","1,356.380","1,192.940","1,358.700","1,100.500","","13.80%"
"31/01/2024","1,191.940","1,100.500","1,192.940","1,100.500","","8.36%"
"30/01/2024","1,100.000","892.050","1,250.750","892.050","","23.45%"
"29/01/2024","891.050","899.200","911.000","892.050","","-0.80%"
"26/01/2024","898.200","887.390","901.500","887.390","","1.33%"
"25/01/2024","886.390","900.270","900.980","887.390","","-1.43%"
"24/01/2024","899.270","914.560","914.560","870.500","","-1.56%"
"23/01/2024","913.560","891.010","914.560","849.500","","2.65%"
"22/01/2024","890.010","891.040","911.000","891.005","","0.00%"
"19/01/2024","890.040","895.520","910.750","860.500","","-0.50%"
"18/01/2024","894.520","859.060","910.750","859.060","","4.26%"
"17/01/2024","858.000","853.770","910.750","853.770","","0.61%"
"16/01/2024","852.770","865.990","910.750","853.770","","-1.41%"
"15/01/2024","864.990","865.990","879.680","865.990","","-9.61%"
"12/01/2024","957.000","958.050","959.025","958.025","","-0.01%"
"11/01/2024","957.050","951.490","959.025","951.245","","0.69%"
"10/01/2024","950.490","952.500","952.745","951.245","","4.11%"
"09/01/2024","913.000","885.200","914.500","885.200","","0.00%"
"08/01/2024","913.000","914.430","914.715","884.500","","0.00%"
"05/01/2024","913.000","912.440","914.715","884.500","","0.17%"
"04/01/2024","911.440","891.900","912.440","884.500","","2.31%"
"03/01/2024","890.900","884.800","891.900","884.400","","0.89%"
"02/01/2024","883.000","882.030","897.500","882.030","","0.22%"
"01/01/2024","881.030","882.030","882.030","882.030","","0.00%"
"29/12/2023","881.030","896.610","897.805","882.030","","-1.63%"
"28/12/2023","895.610","885.000","905.500","885.000","","1.31%"
"27/12/2023","884.000","905.100","906.050","884.500","","-2.22%"
"26/12/2023","904.100","904.100","906.050","904.050","","-0.14%"
"25/12/2023","905.390","905.390","905.390","905.390","","0.00%"
"22/12/2023","905.390","903.000","906.390","903.000","","0.38%"
"21/12/2023","902.000","825.000","903.000","825.000","","9.47%"
"20/12/2023","824.000","825.000","825.000","825.000","","0.00%"
"19/12/2023","824.000","825.000","825.000","825.000","","4.44%"
"18/12/2023","789.000","790.000","790.000","790.000","","0.00%"
"15/12/2023","789.000","791.000","802.500","789.500","","-0.13%"
"14/12/2023","790.000","803.000","803.500","789.500","","-1.50%"
"13/12/2023","802.000","802.420","803.500","789.500","","0.07%"
"12/12/2023","801.450","791.000","803.225","789.500","","1.45%"
"11/12/2023","790.000","791.000","802.500","789.500","","0.00%"
"08/12/2023","790.000","801.000","802.500","789.500","","-1.25%"
"07/12/2023","800.000","802.000","803.000","789.500","","-0.12%"
"06/12/2023","801.000","802.000","802.000","802.000","","0.00%"
"05/12/2023","801.000","799.000","819.500","789.500","","0.38%"
"04/12/2023","798.000","789.000","799.500","789.000","","1.27%"
"01/12/2023","788.000","790.500","790.500","788.500","","-0.25%"
"30/11/2023","790.000","793.500","793.500","789.500","","-0.38%"
"29/11/2023","793.000","789.500","793.500","789.500","","0.51%"
"28/11/2023","789.000","799.500","806.500","789.500","","-1.25%"
"27/11/2023","799.000","789.500","806.500","789.500","","-0.62%"
"24/11/2023","804.000","804.390","806.500","804.390","","0.01%"
"23/11/2023","803.890","804.390","804.390","804.390","","0.00%"
"22/11/2023","803.890","816.600","816.600","804.390","","-1.50%"
"21/11/2023","816.100","820.180","821.840","816.600","","-0.44%"
"20/11/2023","819.680","840.040","845.500","819.840","","-2.37%"
"17/11/2023","839.540","827.340","845.500","827.340","","1.54%"
"16/11/2023","826.840","843.580","845.540","827.340","","-1.93%"
"15/11/2023","843.080","843.580","846.000","843.540","","-0.22%"
"14/11/2023","844.940","844.940","845.440","845.440","","5.35%"
"13/11/2023","802.000","803.000","803.000","803.000","","0.00%"
"10/11/2023","802.000","803.000","803.000","803.000","","0.00%"
"09/11/2023","802.000","803.300","803.400","802.900","","-0.10%"
"08/11/2023","802.800","786.590","806.500","786.590","","2.13%"
"07/11/2023","786.090","799.700","806.500","786.590","","-1.64%"
"06/11/2023","799.200","806.770","807.135","789.500","","-0.88%"
"03/11/2023","806.270","815.510","815.510","806.135","","2.45%"
"02/11/2023","787.000","787.500","788.500","787.500","","0.00%"
"01/11/2023","787.000","787.500","789.500","786.500","","0.25%"
"31/10/2023","785.000","786.480","786.990","785.990","","-0.12%"
"30/10/2023","785.980","790.500","795.000","785.990","","-0.51%"
"27/10/2023","790.000","802.700","802.700","789.500","","-1.52%"
"26/10/2023","802.200","795.430","802.700","788.500","","0.91%"
"25/10/2023","794.930","795.430","795.465","789.500","","0.00%"
"24/10/2023","794.930","883.500","883.500","795.430","","-9.97%"
"23/10/2023","883.000","859.730","884.500","859.115","","2.77%"
"20/10/2023","859.230","859.730","861.115","859.115","","12.46%"
"19/10/2023","764.000","774.940","774.940","766.000","","-1.35%"
"18/10/2023","774.440","764.740","774.940","764.620","","1.33%"
"17/10/2023","764.240","765.430","767.465","764.620","","-0.09%"
"16/10/2023","764.930","770.010","775.500","765.430","","-0.60%"
"13/10/2023","769.510","768.600","775.500","768.600","","0.20%"
"12/10/2023","768.000","759.990","769.050","759.990","","1.12%"
"11/10/2023","759.490","763.530","775.500","759.990","","-0.46%"
"10/10/2023","763.030","759.210","776.500","759.210","","0.57%"
"09/10/2023","758.710","772.040","772.040","759.210","","-1.66%"
"06/10/2023","771.540","762.040","772.040","762.040","","1.31%"
"05/10/2023","761.540","747.110","770.500","747.110","","2.00%"
"04/10/2023","746.610","766.950","770.500","747.100","","-2.59%"
"03/10/2023","766.450","766.970","798.500","766.950","","0.00%"
"02/10/2023","766.470","769.550","771.025","766.970","","-0.20%"
"29/09/2023","768.000","778.100","781.500","768.800","","-1.23%"
"28/09/2023","777.600","778.100","798.500","778.100","","0.00%"
"27/09/2023","777.600","779.550","781.525","777.800","","-0.19%"
"26/09/2023","779.050","779.550","781.525","779.525","","0.00%"
"25/09/2023","779.050","784.500","784.500","756.960","","1.51%"
"22/09/2023","767.430","767.930","767.930","767.930","","0.00%"
"21/09/2023","767.430","770.770","776.500","767.930","","-0.37%"
"20/09/2023","770.270","775.830","784.500","770.770","","-0.65%"
"19/09/2023","775.330","760.430","789.500","760.430","","2.03%"
"18/09/2023","759.930","768.240","789.500","760.430","","-1.02%"
"15/09/2023","767.740","768.690","789.500","768.240","","-1.95%"
"14/09/2023","783.000","746.680","784.500","746.680","","4.93%"
"13/09/2023","746.180","770.830","770.830","744.500","","-3.14%"
"12/09/2023","770.330","738.040","770.830","738.040","","4.45%"
"11/09/2023","737.540","750.500","755.000","738.040","","-6.52%"
"08/09/2023","789.000","785.030","789.500","785.030","","0.57%"
"07/09/2023","784.530","754.360","785.030","754.360","","4.19%"
"06/09/2023","753.000","761.030","761.030","753.930","","-0.99%"
"05/09/2023","760.530","757.020","765.500","744.500","","0.53%"
"04/09/2023","756.520","757.020","757.020","757.020","","0.00%"
"01/09/2023","756.520","773.500","775.500","738.500","","-2.13%"
"31/08/2023","773.000","773.500","774.500","773.500","","0.00%"
"30/08/2023","773.000","772.470","784.500","740.500","","0.13%"
"29/08/2023","771.970","774.400","774.400","760.500","","-0.25%"
"28/08/2023","773.900","772.340","774.400","771.340","","0.40%"
"25/08/2023","770.840","755.710","774.500","740.500","","2.20%"
"24/08/2023","754.210","756.770","773.500","755.105","","-0.14%"
"23/08/2023","755.270","762.290","762.290","756.770","","-0.73%"
"22/08/2023","760.790","745.140","769.500","745.140","","2.31%"
"21/08/2023","743.640","746.430","769.500","745.140","","-0.17%"
"18/08/2023","744.930","767.970","769.500","746.430","","-2.81%"
"17/08/2023","766.470","785.890","785.890","761.500","","-2.28%"
"16/08/2023","784.390","760.500","785.890","760.500","","3.35%"
"15/08/2023","759.000","766.400","766.400","755.500","","-0.91%"
"14/08/2023","766.000","769.270","770.385","766.400","","-0.23%"
"11/08/2023","767.770","769.270","769.270","769.270","","0.00%"
"10/08/2023","767.770","769.270","769.270","769.270","","0.00%"
"09/08/2023","767.770","762.940","769.270","762.940","","0.83%"
"08/08/2023","761.440","751.120","762.940","751.120","","1.58%"
"07/08/2023","749.620","767.450","787.500","751.120","","-2.13%"
"04/08/2023","765.950","777.500","778.000","767.450","","-1.42%"
"03/08/2023","777.000","776.360","792.500","760.500","","0.00%"
"02/08/2023","777.000","758.520","778.500","752.500","","2.64%"
"01/08/2023","757.020","760.400","771.550","745.500","","-0.25%"
"31/07/2023","758.900","775.780","792.500","759.950","","-1.99%"
"28/07/2023","774.280","775.500","790.000","775.500","","0.04%"
"27/07/2023","774.000","789.420","790.000","764.500","","-1.77%"
"26/07/2023","787.920","793.320","793.320","789.420","","-0.49%"
"25/07/2023","791.820","793.320","793.320","780.500","","0.00%"
"24/07/2023","791.820","776.000","793.410","776.000","","2.24%"
"21/07/2023","774.500","791.010","792.500","775.250","","-1.90%"
"20/07/2023","789.510","782.810","791.500","775.500","","1.05%"
"19/07/2023","781.310","773.310","799.500","773.310","","-0.85%"
"18/07/2023","788.000","776.170","791.300","773.310","","1.72%"
"17/07/2023","774.670","776.500","776.500","775.500","","-0.04%"
"14/07/2023","775.000","777.500","777.500","776.500","","-0.13%"
"13/07/2023","776.000","776.500","799.500","776.500","","0.13%"
"12/07/2023","775.000","780.500","790.500","760.000","","-0.51%"
"11/07/2023","779.000","787.650","790.500","760.500","","-1.27%"
"10/07/2023","789.000","768.500","790.000","768.500","","2.73%"
"07/07/2023","768.000","775.500","776.000","765.500","","-0.78%"
"06/07/2023","774.000","773.500","776.000","765.500","","0.26%"
"05/07/2023","772.000","771.380","776.500","771.380","","0.28%"
"04/07/2023","769.880","770.500","775.500","765.500","","0.00%"
"03/07/2023","769.880","760.270","775.500","756.500","","1.46%"
"30/06/2023","758.770","754.440","775.500","753.970","","0.77%"
"29/06/2023","752.940","754.450","754.975","753.970","","0.00%"
"28/06/2023","752.950","764.550","764.550","753.975","","-1.32%"
"27/06/2023","763.050","743.750","765.525","743.750","","2.80%"
"26/06/2023","742.250","761.500","770.500","743.750","","-2.34%"
"23/06/2023","760.000","760.000","765.500","733.290","","2.01%"
"22/06/2023","745.000","746.500","752.000","730.500","","0.00%"
"21/06/2023","745.000","690.500","750.000","690.500","","8.13%"
"20/06/2023","689.000","680.000","691.000","680.000","","0.30%"
"19/06/2023","686.960","656.500","687.460","650.500","","4.88%"
"16/06/2023","655.000","620.500","665.500","590.950","","5.56%"
"15/06/2023","620.500","620.200","659.000","600.500","","0.05%"
"14/06/2023","620.200","462.880","665.000","462.880","","34.13%"
"13/06/2023","462.380","462.400","474.500","462.380","","0.10%"
"12/06/2023","461.900","462.400","462.450","462.400","","0.00%"
"09/06/2023","461.900","462.170","466.000","462.170","","0.05%"
"08/06/2023","461.670","461.680","466.000","461.680","","0.11%"
"07/06/2023","461.180","461.680","474.500","461.650","","0.00%"
"06/06/2023","461.180","461.550","466.000","461.520","","0.03%"
"05/06/2023","461.050","461.420","464.500","460.500","","0.03%"
"02/06/2023","460.920","461.260","461.420","461.250","","0.03%"
"01/06/2023","460.760","461.100","465.500","461.100","","0.03%"
"31/05/2023","460.600","460.950","461.100","460.950","","0.03%"
"30/05/2023","460.450","460.750","464.500","460.710","","0.04%"
"29/05/2023","460.250","460.750","460.750","460.750","","-0.01%"
"26/05/2023","460.300","460.810","460.810","460.800","","0.00%"
"25/05/2023","460.310","460.780","464.500","460.750","","0.01%"
"24/05/2023","460.280","460.780","465.500","460.500","","0.00%"
"23/05/2023","460.280","460.810","460.810","460.780","","-0.01%"
"22/05/2023","460.310","460.840","463.500","460.810","","-0.01%"
"19/05/2023","460.340","460.860","463.500","460.840","","0.00%"
"18/05/2023","460.360","460.700","460.860","460.700","","0.03%"
"17/05/2023","460.200","460.570","460.700","460.570","","0.03%"
"16/05/2023","460.070","460.530","460.570","460.500","","0.01%"
"15/05/2023","460.030","460.530","462.500","460.520","","0.00%"
"12/05/2023","460.030","460.570","460.570","460.530","","-0.01%"
"11/05/2023","460.070","460.560","462.500","460.550","","0.00%"
"10/05/2023","460.060","460.440","460.560","460.430","","0.03%"
"09/05/2023","459.940","460.500","460.520","460.440","","-0.01%"
"08/05/2023","460.000","460.370","461.500","460.350","","0.03%"
"05/05/2023","459.870","460.340","460.370","460.330","","0.01%"
"04/05/2023","459.840","460.350","460.350","460.320","","0.00%"
"03/05/2023","459.850","460.310","460.350","460.300","","0.01%"
"02/05/2023","459.810","460.370","460.500","460.310","","-0.01%"
"01/05/2023","459.870","460.470","460.480","460.370","","-0.02%"
"28/04/2023","459.970","460.470","460.500","460.450","","0.00%"
"27/04/2023","459.970","460.470","460.500","460.450","","0.00%"
"26/04/2023","459.970","460.530","460.530","460.470","","-0.01%"
"25/04/2023","460.030","460.530","460.530","460.520","","0.00%"
"24/04/2023","460.030","460.530","460.530","459.970","","0.00%"
"21/04/2023","460.030","460.530","460.540","460.530","","0.00%"
"20/04/2023","460.030","460.530","460.530","460.520","","0.00%"
"19/04/2023","460.030","460.410","460.530","460.320","","0.03%"
"18/04/2023","459.910","460.420","460.420","460.410","","0.00%"
"17/04/2023","459.920","460.430","460.500","460.420","","0.00%"
"14/04/2023","459.930","460.430","460.430","460.420","","0.00%"
"13/04/2023","459.930","460.330","460.430","460.320","","0.02%"
"12/04/2023","459.830","460.330","460.330","460.330","","0.00%"
"11/04/2023","459.830","460.330","460.500","460.330","","0.00%"
"10/04/2023","459.830","460.330","460.330","460.320","","0.00%"
"07/04/2023","459.830","460.330","460.330","460.330","","0.00%"
"06/04/2023","459.830","460.360","460.360","460.330","","-0.01%"
"05/04/2023","459.860","460.330","460.360","460.320","","0.01%"
"04/04/2023","459.830","460.330","460.330","460.320","","0.00%"
"03/04/2023","459.830","460.340","460.350","460.320","","0.00%"
"31/03/2023","459.840","460.350","460.350","460.340","","0.00%"
"30/03/2023","459.850","460.320","460.350","460.290","","0.01%"
"29/03/2023","459.820","460.350","460.400","460.320","","-0.01%"
"28/03/2023","459.850","460.400","460.410","460.350","","-0.01%"
"27/03/2023","459.900","460.480","460.500","460.400","","-0.02%"
"24/03/2023","459.980","460.480","460.480","460.470","","0.00%"
"23/03/2023","459.980","460.450","460.480","460.450","","0.01%"
"22/03/2023","459.950","460.420","460.450","460.420","","0.01%"
"21/03/2023","459.920","460.390","460.420","460.390","","0.01%"
"20/03/2023","459.890","460.440","460.500","460.390","","-0.01%"
"17/03/2023","459.940","460.440","460.450","460.440","","0.00%"
"16/03/2023","459.940","460.540","460.550","460.440","","-0.02%"
"15/03/2023","460.040","460.530","460.540","460.530","","0.00%"
"14/03/2023","460.030","460.520","460.530","460.520","","0.00%"
"13/03/2023","460.020","460.520","460.530","460.520","","0.00%"
"10/03/2023","460.020","460.520","460.550","460.520","","0.00%"
"09/03/2023","460.020","460.490","460.520","460.480","","0.01%"
"08/03/2023","459.990","460.460","460.490","460.450","","0.01%"
"07/03/2023","459.960","460.460","460.470","460.460","","0.00%"
"06/03/2023","459.960","460.460","460.460","460.450","","0.00%"
"03/03/2023","459.960","460.470","460.480","460.460","","0.00%"
"02/03/2023","459.970","460.470","460.470","460.450","","0.00%"
"01/03/2023","459.970","460.470","460.470","460.460","","0.00%"
"28/02/2023","459.970","460.450","460.470","460.440","","0.00%"
"27/02/2023","459.950","460.440","460.450","460.430","","0.00%"
"24/02/2023","459.940","460.440","460.440","460.430","","0.00%"
"23/02/2023","459.940","460.470","460.470","460.440","","-0.01%"
"22/02/2023","459.970","460.470","460.470","460.450","","0.00%"
"21/02/2023","459.970","460.550","460.550","460.470","","-0.02%"
"20/02/2023","460.050","460.540","460.550","460.500","","0.00%"
"17/02/2023","460.040","460.550","460.560","460.500","","0.00%"
"16/02/2023","460.050","460.560","460.560","460.500","","0.00%"
"15/02/2023","460.060","460.560","460.600","460.500","","0.00%"
"14/02/2023","460.060","460.520","460.560","460.520","","0.01%"
"13/02/2023","460.020","459.490","460.520","459.490","","0.22%"
"10/02/2023","458.990","460.470","460.470","459.490","","-0.21%"
"09/02/2023","459.970","460.420","460.470","460.400","","0.01%"
"08/02/2023","459.920","460.420","460.450","460.420","","0.00%"
"07/02/2023","459.920","459.700","460.420","459.700","","0.16%"
"06/02/2023","459.200","460.540","460.550","459.700","","-0.18%"
"03/02/2023","460.040","460.540","460.540","460.530","","0.00%"
"02/02/2023","460.040","460.520","460.540","460.520","","0.00%"
"01/02/2023","460.020","460.520","460.550","460.500","","0.00%"
"31/01/2023","460.020","460.410","460.520","460.410","","0.02%"
"30/01/2023","459.910","460.280","460.500","460.280","","0.03%"
"27/01/2023","459.780","460.280","460.300","460.280","","0.00%"
"26/01/2023","459.780","459.970","460.280","459.970","","0.07%"
"25/01/2023","459.470","459.810","459.970","459.800","0.02K","0.03%"
"24/01/2023","459.310","455.060","459.810","455.060","0.03K","1.04%"
"23/01/2023","454.560","455.060","460.500","455.050","0.01K","0.00%"
"20/01/2023","454.560","453.580","455.060","453.580","0.02K","0.33%"
"19/01/2023","453.080","453.580","460.500","453.580","0.01K","0.00%"
"18/01/2023","453.080","453.580","460.500","453.580","0.01K","0.00%"
"17/01/2023","453.080","452.620","460.500","452.620","0.02K","0.21%"
"16/01/2023","452.120","452.590","460.500","452.590","0.01K","0.01%"
"13/01/2023","452.090","452.130","452.590","452.130","0.01K","0.10%"
"12/01/2023","451.630","451.600","452.130","451.600","0.02K","0.12%"
"11/01/2023","451.100","450.080","451.600","450.080","0.02K","0.34%"
"10/01/2023","449.580","450.050","450.080","450.050","0.01K","0.01%"
"09/01/2023","449.550","450.050","450.080","450.050","0.01K","0.00%"
"06/01/2023","449.550","449.530","450.050","449.530","0.02K","0.12%"
"05/01/2023","449.030","449.010","449.530","449.010","0.01K","0.12%"
"04/01/2023","448.510","448.550","449.010","448.550","0.02K","0.10%"
"03/01/2023","448.050","448.080","448.550","445.500","0.02K","0.11%"
"02/01/2023","447.580","448.080","448.080","448.080","","0.00%"
"30/12/2022","447.580","447.580","448.080","447.580","0.02K","0.11%"
"29/12/2022","447.080","446.640","447.580","446.640","0.01K","0.21%"
"28/12/2022","446.140","446.630","446.640","446.630","0.01K","0.00%"
"27/12/2022","446.130","446.650","455.500","446.630","0.02K","0.00%"
"26/12/2022","446.150","446.630","446.650","446.630","0.01K","0.00%"
"23/12/2022","446.130","446.630","446.650","445.500","0.01K","0.00%"
"22/12/2022","446.130","445.960","446.630","445.500","0.02K","0.15%"
"21/12/2022","445.460","445.960","455.500","445.960","0.01K","0.00%"
"20/12/2022","445.460","445.960","446.020","445.500","0.03K","0.00%"
"19/12/2022","445.460","445.470","450.500","445.470","0.01K","0.11%"
"16/12/2022","444.970","445.460","445.470","445.460","0.02K","0.00%"
"15/12/2022","444.960","445.460","445.480","445.460","0.01K","0.00%"
"14/12/2022","444.960","445.310","450.500","443.500","0.02K","0.03%"
"13/12/2022","444.810","445.150","445.310","445.150","0.03K","0.04%"
"12/12/2022","444.650","444.970","445.150","443.500","0.03K","0.04%"
"09/12/2022","444.470","444.970","445.500","444.970","0.04K","0.00%"
"08/12/2022","444.470","444.810","445.500","443.500","0.04K","0.04%"
"07/12/2022","444.310","444.810","444.920","443.500","0.01K","0.00%"
"06/12/2022","444.310","444.540","444.810","444.540","0.03K","0.06%"
"05/12/2022","444.040","444.170","444.540","443.500","0.04K","0.08%"
"02/12/2022","443.670","443.950","444.170","443.950","0.02K","0.05%"
"01/12/2022","443.450","443.940","443.950","443.940","0.01K","0.00%"
"30/11/2022","443.440","443.940","443.940","443.940","","0.00%"
"29/11/2022","443.440","443.870","443.940","443.870","0.02K","0.02%"
"28/11/2022","443.370","443.260","443.870","443.260","0.02K","0.14%"
"25/11/2022","442.760","443.450","443.550","443.260","0.01K","-0.04%"
"24/11/2022","442.950","443.300","443.450","443.300","0.01K","0.03%"
"23/11/2022","442.800","443.130","443.300","443.130","0.02K","0.04%"
"22/11/2022","442.630","442.990","443.500","442.500","0.02K","0.03%"
"21/11/2022","442.490","442.660","442.990","442.500","0.02K","0.07%"
"18/11/2022","442.160","442.350","442.660","442.350","0.02K","0.07%"
"17/11/2022","441.850","441.690","442.350","441.690","0.02K","0.15%"
"16/11/2022","441.190","441.690","442.500","441.690","0.01K","0.00%"
"15/11/2022","441.190","441.330","441.690","441.330","0.02K","0.08%"
"14/11/2022","440.830","440.960","443.500","440.960","0.02K","0.08%"
"11/11/2022","440.460","440.630","443.500","440.630","0.02K","0.07%"
"10/11/2022","440.130","440.290","442.500","440.290","0.02K","0.08%"
"09/11/2022","439.790","439.380","440.290","439.380","0.01K","0.06%"
"08/11/2022","439.530","439.760","442.500","439.760","0.02K","0.06%"
"07/11/2022","439.260","439.380","442.500","439.380","0.01K","0.09%"
"04/11/2022","438.880","439.170","439.380","439.170","0.01K","0.05%"
"03/11/2022","438.670","438.870","439.170","438.870","0.02K","0.07%"
"02/11/2022","438.370","438.520","438.870","438.520","0.01K","0.08%"
"01/11/2022","438.020","438.350","442.500","438.350","0.03K","0.04%"
"31/10/2022","437.850","438.000","440.500","438.000","0.02K","0.08%"
"28/10/2022","437.500","437.660","438.000","437.660","0.02K","0.08%"
"27/10/2022","437.160","437.050","437.660","437.000","0.03K","0.14%"
"26/10/2022","436.550","437.180","437.180","437.050","0.03K","-0.03%"
"25/10/2022","436.680","437.000","437.180","437.000","0.02K","0.04%"
"24/10/2022","436.500","436.610","440.500","436.600","0.02K","0.09%"
"21/10/2022","436.110","436.610","436.780","436.610","0.01K","0.00%"
"20/10/2022","436.110","436.480","436.610","436.480","0.02K","0.03%"
"19/10/2022","435.980","436.350","436.480","436.320","0.02K","0.03%"
"18/10/2022","435.850","435.560","436.350","435.550","0.02K","0.18%"
"17/10/2022","435.060","435.180","440.500","435.180","0.01K","0.09%"
"14/10/2022","434.680","435.200","435.200","435.180","0.03K","0.00%"
"13/10/2022","434.700","434.770","440.500","434.750","0.01K","0.10%"
"12/10/2022","434.270","434.280","441.500","434.270","0.02K","0.11%"
"11/10/2022","433.780","434.280","441.500","434.250","0.01K","0.00%"
"10/10/2022","433.780","433.720","434.280","433.720","0.03K","0.13%"
"07/10/2022","433.220","433.400","433.720","433.400","0.02K","0.07%"
"06/10/2022","432.900","432.370","433.400","432.350","0.02K","0.24%"
"05/10/2022","431.870","432.370","432.370","414.380","0.01K","0.00%"
"04/10/2022","431.870","432.350","435.500","432.350","0.02K","0.00%"
"03/10/2022","431.850","432.370","432.370","432.350","0.01K","0.00%"
"30/09/2022","431.870","432.040","432.370","432.020","0.02K","0.08%"
"29/09/2022","431.540","431.330","435.500","431.330","0.02K","0.16%"
"28/09/2022","430.830","431.330","431.330","431.300","0.01K","0.00%"
"27/09/2022","430.830","430.980","431.330","430.980","0.02K","0.08%"
"26/09/2022","430.480","430.550","435.500","430.550","0.02K","0.10%"
"23/09/2022","430.050","430.210","430.590","430.210","0.03K","0.08%"
"22/09/2022","429.710","429.870","430.210","429.850","0.02K","0.08%"
"21/09/2022","429.370","429.510","429.870","429.510","0.02K","0.08%"
"20/09/2022","429.010","429.180","429.510","429.150","0.01K","0.08%"
"19/09/2022","428.680","428.880","435.500","428.880","0.02K","0.07%"
"16/09/2022","428.380","428.610","435.500","428.600","0.02K","0.06%"
"15/09/2022","428.110","428.310","428.610","428.300","0.02K","0.07%"
"14/09/2022","427.810","428.010","435.500","428.000","0.02K","0.07%"
"13/09/2022","427.510","427.600","428.010","427.600","0.02K","0.10%"
"12/09/2022","427.100","427.260","435.500","419.500","0.02K","0.08%"
"09/09/2022","426.760","426.930","427.260","426.930","0.03K","0.08%"
"08/09/2022","426.430","426.110","426.930","426.050","0.01K","0.19%"
"07/09/2022","425.610","425.780","426.110","425.750","0.03K","0.08%"
"06/09/2022","425.280","423.420","425.780","423.400","0.02K","0.56%"
"05/09/2022","422.920","423.420","435.500","423.420","0.01K","0.00%"
"02/09/2022","422.920","422.960","423.420","422.950","0.02K","0.11%"
"01/09/2022","422.460","421.880","422.980","421.850","0.02K","0.26%"
"31/08/2022","421.380","422.880","422.880","421.880","0.02K","-0.24%"
"30/08/2022","422.380","422.200","422.880","419.500","0.02K","0.16%"
"29/08/2022","421.700","422.200","428.500","422.200","0.01K","0.00%"
"26/08/2022","421.700","421.890","422.200","421.850","0.02K","0.07%"
"25/08/2022","421.390","421.580","421.890","421.550","0.02K","0.07%"
"24/08/2022","421.080","421.210","421.580","421.200","0.02K","0.09%"
"23/08/2022","420.710","420.900","425.500","420.900","0.02K","0.07%"
"22/08/2022","420.400","420.330","420.900","420.300","0.01K","0.14%"
"19/08/2022","419.830","420.330","420.330","420.300","0.01K","0.00%"
"18/08/2022","419.830","420.460","420.460","419.500","0.01K","-0.03%"
"17/08/2022","419.960","419.390","420.460","419.380","0.02K","0.26%"
"16/08/2022","418.890","419.390","419.390","419.380","0.01K","0.00%"
"15/08/2022","418.890","419.220","425.500","419.200","0.02K","0.04%"
"12/08/2022","418.720","418.870","419.220","418.850","0.02K","0.08%"
"11/08/2022","418.370","418.690","418.870","418.690","0.01K","0.04%"
"10/08/2022","418.190","417.970","418.690","417.950","0.01K","0.17%"
"09/08/2022","417.470","417.970","417.970","417.950","0.01K","0.00%"
"08/08/2022","417.470","417.570","425.500","417.550","0.02K","0.10%"
"05/08/2022","417.070","417.190","417.570","417.180","0.02K","0.09%"
"04/08/2022","416.690","416.690","417.190","416.680","0.01K","0.12%"
"03/08/2022","416.190","416.400","416.690","416.380","0.01K","0.07%"
"02/08/2022","415.900","416.180","416.400","416.150","0.02K","0.05%"
"01/08/2022","415.680","415.870","416.180","415.850","0.01K","0.07%"
"29/07/2022","415.370","415.460","415.870","415.450","0.02K","0.10%"
"28/07/2022","414.960","415.640","415.650","415.460","0.02K","-0.04%"
"27/07/2022","415.140","415.250","415.640","415.240","0.02K","0.09%"
"26/07/2022","414.750","415.250","415.250","415.200","0.01K","0.00%"
"25/07/2022","414.750","414.720","425.500","414.700","0.02K","0.13%"
"22/07/2022","414.220","415.400","415.420","414.720","0.01K","-0.16%"
"21/07/2022","414.900","415.400","415.420","415.400","0.01K","0.00%"
"20/07/2022","414.900","415.400","415.420","415.400","0.01K","0.00%"
"19/07/2022","414.900","415.400","415.480","415.400","0.02K","0.00%"
"18/07/2022","414.900","415.400","425.500","415.400","0.01K","0.00%"
"15/07/2022","414.900","415.330","415.400","415.320","0.02K","0.02%"
"14/07/2022","414.830","415.330","415.330","415.320","0.01K","0.00%"
"13/07/2022","414.830","415.320","425.500","415.320","0.02K","0.00%"
"12/07/2022","414.820","415.330","415.330","415.320","0.01K","0.00%"
"11/07/2022","414.830","415.330","415.350","415.330","0.00K","0.00%"
"08/07/2022","414.830","415.260","415.330","415.250","0.02K","0.02%"
"07/07/2022","414.760","415.330","425.500","415.260","0.02K","-0.02%"
"06/07/2022","414.830","415.300","425.500","415.300","0.02K","0.01%"
"05/07/2022","414.800","415.270","415.300","415.250","0.02K","0.01%"
"04/07/2022","414.770","415.270","419.500","415.270","0.00K","0.00%"
"01/07/2022","414.770","415.270","415.270","415.250","0.01K","0.00%"
"30/06/2022","414.770","415.100","415.270","415.080","0.02K","0.04%"
"29/06/2022","414.600","415.140","415.140","415.100","0.02K","-0.01%"
"28/06/2022","414.640","415.000","415.140","415.000","0.01K","0.03%"
"27/06/2022","414.500","414.990","419.500","414.990","0.02K","0.00%"
"24/06/2022","414.490","415.090","419.500","414.990","0.01K","-0.02%"
"23/06/2022","414.590","415.140","415.140","415.090","0.01K","-0.01%"
"22/06/2022","414.640","415.250","415.270","415.140","0.01K","-0.03%"
"21/06/2022","414.750","415.370","415.370","415.250","0.03K","-0.03%"
"20/06/2022","414.870","415.370","419.500","415.370","0.01K","0.00%"
"17/06/2022","414.870","415.290","415.370","415.280","0.02K","0.02%"
"16/06/2022","414.790","415.220","415.290","414.290","0.02K","0.02%"
"15/06/2022","414.720","415.130","415.220","415.130","0.01K","0.02%"
"14/06/2022","414.630","415.130","419.500","415.120","0.01K","0.00%"
"13/06/2022","414.630","415.130","415.130","415.120","0.01K","0.00%"
"10/06/2022","414.630","415.130","415.130","415.120","0.01K","0.00%"
"09/06/2022","414.630","415.130","418.500","415.120","0.01K","0.00%"
"08/06/2022","414.630","415.130","415.130","415.120","0.01K","0.00%"
"07/06/2022","414.630","415.120","415.130","415.100","0.03K","0.00%"
"06/06/2022","414.620","415.120","415.120","415.120","","0.00%"
"03/06/2022","414.620","415.080","415.120","415.050","0.03K","0.01%"
"02/06/2022","414.580","415.150","415.150","415.080","0.03K","-0.02%"
"01/06/2022","414.650","415.200","415.220","415.150","0.03K","-0.01%"
"31/05/2022","414.700","415.220","415.220","415.200","0.01K","0.00%"
"30/05/2022","414.720","415.220","415.220","415.220","","0.00%"
"27/05/2022","414.720","415.220","415.220","415.200","0.00K","0.00%"
"26/05/2022","414.720","415.180","415.220","415.160","0.02K","0.01%"
"25/05/2022","414.680","415.180","415.180","415.150","0.01K","0.00%"
"24/05/2022","414.680","415.080","415.180","415.050","0.02K","0.02%"
"23/05/2022","414.580","415.120","415.500","415.080","0.02K","-0.01%"
"20/05/2022","414.620","415.120","415.120","415.100","0.01K","0.00%"
"19/05/2022","414.620","415.180","415.180","415.120","0.02K","-0.01%"
"18/05/2022","414.680","415.250","415.250","415.180","0.01K","-0.02%"
"17/05/2022","414.750","415.250","415.300","415.250","0.01K","0.00%"
"16/05/2022","414.750","415.260","415.260","415.250","0.02K","0.00%"
"13/05/2022","414.760","415.330","415.330","415.260","0.03K","-0.02%"
"12/05/2022","414.830","414.330","415.500","414.330","0.02K","0.24%"
"11/05/2022","413.830","414.330","414.330","414.300","0.00K","0.00%"
"10/05/2022","413.830","415.300","415.300","414.330","0.01K","-0.23%"
"09/05/2022","414.800","415.190","415.500","415.100","0.02K","0.03%"
"06/05/2022","414.690","415.120","415.190","415.120","0.02K","0.02%"
"05/05/2022","414.620","415.190","415.190","415.120","0.02K","-0.02%"
"04/05/2022","414.690","415.190","415.500","415.150","0.01K","0.00%"
"03/05/2022","414.690","415.190","415.190","415.180","0.00K","0.00%"
"02/05/2022","414.690","415.260","415.270","415.190","0.01K","-0.02%"
"29/04/2022","414.760","415.330","415.330","415.260","0.02K","-0.02%"
"28/04/2022","414.830","415.420","415.420","415.330","0.02K","-0.02%"
"27/04/2022","414.920","415.480","415.480","415.420","0.02K","-0.01%"
"26/04/2022","414.980","414.580","415.480","414.570","0.01K","0.22%"
"25/04/2022","414.080","415.580","415.580","414.580","0.01K","-0.24%"
"22/04/2022","415.080","415.580","415.580","415.550","0.00K","0.00%"
"21/04/2022","415.080","415.500","415.580","415.500","0.02K","0.02%"
"20/04/2022","415.000","414.500","415.500","414.500","0.02K","0.24%"
"19/04/2022","414.000","414.500","414.520","414.500","0.01K","0.00%"
"18/04/2022","414.000","414.520","414.550","414.500","0.01K","0.00%"
"15/04/2022","414.020","414.530","414.530","414.520","0.01K","0.00%"
"14/04/2022","414.030","414.580","414.600","414.530","0.02K","-0.01%"
"13/04/2022","414.080","414.590","414.600","414.580","0.02K","0.00%"
"12/04/2022","414.090","415.620","415.630","414.590","0.02K","-0.25%"
"11/04/2022","415.120","415.650","415.650","415.620","0.02K","-0.01%"
"08/04/2022","415.150","415.650","415.650","415.500","0.00K","0.00%"
"07/04/2022","415.150","415.720","415.750","415.650","0.02K","-0.02%"
"06/04/2022","415.220","415.720","415.720","415.700","0.02K","0.00%"
"05/04/2022","415.220","415.720","415.730","415.720","0.01K","0.00%"
"04/04/2022","415.220","415.720","415.750","415.500","0.01K","0.00%"
"01/04/2022","415.220","415.750","415.750","415.720","0.03K","-0.01%"
"31/03/2022","415.250","415.750","415.750","415.720","0.00K","0.00%"
"30/03/2022","415.250","415.750","415.750","415.750","","0.00%"
"29/03/2022","415.250","415.730","415.750","415.720","0.03K","0.00%"
"28/03/2022","415.230","415.750","415.750","415.500","0.02K","0.00%"
"25/03/2022","415.250","415.750","415.750","415.500","0.00K","0.00%"
"24/03/2022","415.250","415.750","415.750","411.000","0.01K","0.00%"
"23/03/2022","415.250","415.820","415.820","415.750","0.01K","-0.02%"
"22/03/2022","415.320","415.890","415.890","415.820","0.02K","-0.02%"
"21/03/2022","415.390","415.920","415.920","415.500","0.02K","-0.01%"
"18/03/2022","415.420","415.920","415.950","415.500","0.01K","0.00%"
"17/03/2022","415.420","415.920","415.920","415.900","0.01K","0.00%"
"16/03/2022","415.420","415.950","415.950","415.500","0.02K","-0.01%"
"15/03/2022","415.450","415.800","415.950","415.800","0.02K","0.04%"
"14/03/2022","415.300","415.840","415.850","415.500","0.02K","-0.01%"
"11/03/2022","415.340","415.840","415.840","415.800","0.01K","0.00%"
"10/03/2022","415.340","415.840","415.850","415.840","0.01K","0.00%"
"09/03/2022","415.340","415.840","415.840","415.800","0.01K","0.00%"
"08/03/2022","415.340","415.770","415.840","415.750","0.02K","0.02%"
"07/03/2022","415.270","415.910","415.910","415.500","0.01K","-0.03%"
"04/03/2022","415.410","415.960","415.960","415.910","0.03K","-0.01%"
"03/03/2022","415.460","416.090","416.090","415.960","0.02K","-0.03%"
"02/03/2022","415.590","416.090","416.090","416.090","","0.00%"
"01/03/2022","415.590","416.020","416.090","415.500","0.01K","0.02%"
"28/02/2022","415.520","415.890","416.020","415.500","0.03K","0.03%"
"25/02/2022","415.390","415.890","415.890","415.890","","0.00%"
"24/02/2022","415.390","415.890","415.890","415.890","","0.00%"
"23/02/2022","415.390","415.890","415.890","415.890","","0.00%"
"22/02/2022","415.390","415.870","415.890","415.870","0.02K","0.00%"
"21/02/2022","415.370","415.870","415.870","415.870","","0.00%"
"18/02/2022","415.370","415.870","415.900","415.870","0.02K","0.00%"
"17/02/2022","415.370","415.810","415.870","415.800","0.02K","0.01%"
"16/02/2022","415.310","415.810","415.810","415.800","0.01K","0.00%"
"15/02/2022","415.310","416.410","416.450","415.810","0.02K","-0.14%"
"14/02/2022","415.910","417.010","417.050","415.500","0.02K","-0.14%"
"11/02/2022","416.510","416.870","417.010","416.870","0.02K","0.03%"
"10/02/2022","416.370","416.750","416.870","416.750","0.02K","0.03%"
"09/02/2022","416.250","416.550","416.750","416.550","0.02K","0.05%"
"08/02/2022","416.050","416.380","416.550","415.500","0.01K","0.04%"
"07/02/2022","415.880","416.200","416.380","415.500","0.03K","0.04%"
"04/02/2022","415.700","416.040","416.200","416.020","0.02K","0.04%"
"03/02/2022","415.540","415.830","416.040","415.800","0.01K","0.05%"
"02/02/2022","415.330","414.760","415.860","414.760","0.04K","0.26%"
"01/02/2022","414.260","415.830","415.830","414.760","0.02K","-0.26%"
"31/01/2022","415.330","415.660","415.830","415.500","0.03K","0.04%"
"28/01/2022","415.160","415.490","415.660","415.490","0.02K","0.04%"
"27/01/2022","414.990","415.320","415.490","415.320","0.02K","0.04%"
"26/01/2022","414.820","415.120","415.320","415.120","0.03K","0.05%"
"25/01/2022","414.620","415.030","415.140","415.030","0.02K","0.02%"
"24/01/2022","414.530","414.950","415.500","414.950","0.02K","0.02%"
"21/01/2022","414.450","414.950","415.000","414.950","0.02K","0.00%"
"20/01/2022","414.450","414.670","414.950","414.670","0.03K","0.07%"
"19/01/2022","414.170","414.500","414.670","414.500","0.02K","0.04%"
"18/01/2022","414.000","414.290","414.500","414.290","0.03K","0.05%"
"17/01/2022","413.790","414.290","415.500","414.290","0.01K","0.00%"
"14/01/2022","413.790","414.100","414.290","414.100","0.02K","0.05%"
"13/01/2022","413.600","413.940","414.110","413.940","0.01K","0.04%"
"12/01/2022","413.440","413.600","414.500","413.600","0.03K","0.08%"
"11/01/2022","413.100","413.640","413.640","413.600","0.03K","-0.01%"
"10/01/2022","413.140","413.210","414.290","413.210","0.02K","0.04%"
"07/01/2022","412.960","413.040","413.210","413.040","0.03K","0.04%"
"06/01/2022","412.790","412.800","413.040","412.800","0.04K","0.06%"
"05/01/2022","412.550","412.740","412.920","412.740","0.04K","0.01%"
"04/01/2022","412.490","412.740","413.500","412.740","0.02K","0.00%"
"03/01/2022","412.490","411.950","412.740","411.930","0.03K","0.19%"
"31/12/2021","411.700","411.250","411.950","411.250","0.02K","0.17%"
"30/12/2021","411.000","411.200","413.500","411.200","0.02K","0.01%"
"29/12/2021","410.950","411.200","413.500","411.190","0.01K","0.00%"
"28/12/2021","410.950","411.200","411.200","411.150","0.02K","0.00%"
"27/12/2021","410.950","411.180","411.200","411.170","0.04K","0.00%"
"24/12/2021","410.930","411.180","411.180","411.180","","0.00%"
"23/12/2021","410.930","411.170","411.180","411.150","0.02K","0.00%"
"22/12/2021","410.920","411.160","411.170","411.150","0.02K","0.00%"
"21/12/2021","410.910","410.160","411.160","410.160","0.02K","0.24%"
"20/12/2021","409.910","410.160","413.500","410.160","0.01K","0.00%"
"17/12/2021","409.910","410.080","410.160","410.070","0.03K","0.02%"
"16/12/2021","409.830","409.980","410.080","409.970","0.01K","0.02%"
"15/12/2021","409.730","409.970","413.500","409.950","0.02K","0.00%"
"14/12/2021","409.720","410.200","413.500","409.970","0.02K","-0.06%"
"13/12/2021","409.950","409.970","413.500","409.970","0.03K","0.06%"
"10/12/2021","409.720","410.000","410.000","409.970","0.01K","0.00%"
"09/12/2021","409.740","409.990","410.000","409.990","0.01K","0.00%"
"08/12/2021","409.740","409.990","409.990","409.970","0.00K","0.00%"
"07/12/2021","409.740","409.990","409.990","409.990","","0.00%"
"06/12/2021","409.740","409.980","413.500","409.980","0.02K","0.00%"
"03/12/2021","409.730","409.950","409.980","409.950","0.01K","0.01%"
"02/12/2021","409.700","409.910","409.970","409.910","0.02K","0.01%"
"01/12/2021","409.660","409.890","409.910","409.890","0.02K","0.00%"
"30/11/2021","409.640","409.890","409.900","409.890","0.01K","0.00%"
"29/11/2021","409.640","409.890","413.500","409.890","0.02K","0.00%"
"26/11/2021","409.640","409.900","409.900","409.890","0.01K","0.00%"
"25/11/2021","409.630","409.880","409.880","409.880","","0.00%"
"24/11/2021","409.630","409.880","409.880","409.850","0.00K","0.00%"
"23/11/2021","409.630","410.840","410.840","409.880","0.01K","-0.23%"
"22/11/2021","410.590","410.840","413.500","410.840","0.00K","0.00%"
"19/11/2021","410.590","410.820","410.850","410.820","0.01K","0.00%"
"18/11/2021","410.570","410.680","410.820","410.680","0.02K","0.03%"
"17/11/2021","410.430","410.680","410.680","410.650","0.01K","0.00%"
"16/11/2021","410.430","410.670","410.680","410.650","0.02K","0.00%"
"15/11/2021","410.420","410.640","413.500","410.640","0.02K","0.01%"
"12/11/2021","410.390","410.620","410.640","410.600","0.02K","0.00%"
"11/11/2021","410.370","410.590","410.620","410.580","0.01K","0.01%"
"10/11/2021","410.340","410.570","410.590","410.550","0.02K","0.00%"
"09/11/2021","410.320","410.540","410.570","410.500","0.01K","0.01%"
"08/11/2021","410.290","410.520","413.500","409.500","0.02K","0.00%"
"05/11/2021","410.270","410.490","410.520","410.470","0.02K","0.01%"
"04/11/2021","410.240","410.460","413.830","410.450","0.02K","0.01%"
"03/11/2021","410.210","410.420","414.230","410.400","0.02K","0.01%"
"02/11/2021","410.170","410.300","410.420","410.300","0.02K","0.03%"
"01/11/2021","410.050","410.310","413.500","409.500","0.02K","0.00%"
"29/10/2021","410.060","410.250","410.310","410.250","0.01K","0.01%"
"28/10/2021","410.000","410.270","410.270","410.250","0.04K","0.00%"
"27/10/2021","410.020","410.240","410.270","410.230","0.03K","0.01%"
"26/10/2021","409.990","410.210","410.240","410.200","0.01K","0.01%"
"25/10/2021","409.960","410.900","413.500","410.180","0.02K","0.01%"
"22/10/2021","409.910","410.880","410.910","410.880","0.02K","0.01%"
"21/10/2021","409.880","410.820","410.880","410.800","0.01K","0.01%"
"20/10/2021","409.820","410.890","410.890","410.820","0.01K","-0.02%"
"19/10/2021","409.890","410.910","410.950","410.890","0.02K","0.00%"
"18/10/2021","409.910","410.910","413.500","410.900","0.01K","0.00%"
"15/10/2021","409.910","410.850","410.910","410.820","0.01K","0.01%"
"14/10/2021","409.850","410.820","410.850","410.800","0.01K","0.01%"
"13/10/2021","409.820","410.870","412.750","410.800","0.03K","-0.01%"
"12/10/2021","409.870","410.770","413.270","410.750","0.04K","0.02%"
"11/10/2021","409.770","410.810","413.500","410.770","0.02K","-0.01%"
"08/10/2021","409.810","410.810","410.810","410.800","0.01K","0.00%"
"07/10/2021","409.810","410.820","412.250","410.780","0.01K","0.00%"
"06/10/2021","409.820","410.800","410.820","410.800","0.01K","0.00%"
"05/10/2021","409.800","410.800","410.800","410.800","","0.00%"
"04/10/2021","409.800","410.770","413.500","410.770","0.01K","0.01%"
"01/10/2021","409.770","410.800","410.800","410.770","0.02K","-0.01%"
"30/09/2021","409.800","409.760","410.800","409.760","0.01K","0.25%"
"29/09/2021","408.760","409.760","413.500","409.760","0.01K","0.00%"
"28/09/2021","408.760","411.500","411.500","409.260","0.03K","-0.55%"
"27/09/2021","411.000","411.500","413.500","411.500","0.01K","0.00%"
"24/09/2021","411.000","411.500","412.430","411.500","0.01K","0.00%"
"23/09/2021","411.000","411.500","411.750","411.500","0.01K","0.00%"
"22/09/2021","411.000","411.500","412.500","411.500","0.01K","0.00%"
"21/09/2021","411.000","411.500","411.500","411.000","0.01K","0.00%"
"20/09/2021","411.000","411.500","411.750","411.500","0.01K","0.00%"
"17/09/2021","411.000","411.500","411.500","411.500","","0.00%"
"16/09/2021","411.000","411.500","412.000","411.500","0.02K","0.00%"
"15/09/2021","411.000","411.500","411.500","411.500","","0.00%"
"14/09/2021","411.000","411.500","411.500","409.500","0.01K","0.00%"
"13/09/2021","411.000","411.430","412.000","411.430","0.01K","0.02%"
"10/09/2021","410.930","411.400","411.750","411.200","0.01K","0.01%"
"09/09/2021","410.900","411.300","411.450","410.750","0.02K","0.02%"
"08/09/2021","410.800","411.500","411.500","411.000","0.01K","-0.05%"
"07/09/2021","411.000","411.520","411.520","410.250","0.01K","0.00%"
"06/09/2021","411.020","411.520","411.520","411.500","0.01K","0.00%"
"03/09/2021","411.020","411.500","411.520","410.750","0.02K","0.00%"
"02/09/2021","411.000","411.500","412.000","410.500","0.02K","0.00%"
"01/09/2021","411.000","411.500","412.000","411.500","0.01K","0.00%"
"31/08/2021","411.000","411.500","412.000","409.500","0.01K","0.00%"
"30/08/2021","411.000","411.500","412.000","411.500","0.01K","0.00%"
"27/08/2021","411.000","411.500","411.500","410.500","0.01K","0.00%"
"26/08/2021","411.000","411.550","411.550","411.500","0.01K","-0.01%"
"25/08/2021","411.050","411.500","411.550","411.500","0.01K","0.01%"
"24/08/2021","411.000","411.550","411.550","409.500","0.01K","-0.01%"
"23/08/2021","411.050","411.700","411.700","411.500","0.01K","-0.04%"
"20/08/2021","411.200","411.800","411.800","411.700","0.02K","-0.02%"
"19/08/2021","411.300","411.900","411.900","411.800","0.01K","-0.02%"
"18/08/2021","411.400","411.700","412.000","411.700","0.02K","0.05%"
"17/08/2021","411.200","411.500","412.000","411.500","0.01K","0.05%"
"16/08/2021","411.000","411.500","411.500","411.065","0.01K","0.00%"
"13/08/2021","411.000","411.500","411.500","410.500","0.01K","0.00%"
"12/08/2021","411.000","411.500","411.500","409.500","0.01K","0.00%"
"11/08/2021","411.000","411.500","411.500","411.500","","0.00%"
"10/08/2021","411.000","411.500","411.500","411.500","","0.00%"
"09/08/2021","411.000","411.500","411.500","411.500","","0.00%"
"06/08/2021","411.000","411.500","411.500","411.500","","0.00%"
"05/08/2021","411.000","411.500","411.500","411.500","","0.00%"
"04/08/2021","411.000","411.500","411.500","411.500","","0.00%"
"03/08/2021","411.000","411.500","411.500","411.500","","0.00%"
"02/08/2021","411.000","411.500","411.550","411.250","0.02K","0.00%"
"30/07/2021","411.000","411.500","411.500","411.500","","0.00%"
"29/07/2021","411.000","411.500","411.500","411.500","","0.00%"
"28/07/2021","411.000","411.500","411.500","411.500","","0.00%"
"27/07/2021","411.000","411.500","411.500","411.250","0.00K","0.00%"
"26/07/2021","411.000","411.500","411.500","411.250","0.01K","0.00%"
"23/07/2021","411.000","411.500","411.500","411.500","","0.00%"
"22/07/2021","411.000","411.500","411.500","411.500","","0.00%"
"21/07/2021","411.000","411.500","411.500","411.500","","0.00%"
"20/07/2021","411.000","411.500","411.500","411.500","","0.00%"
"19/07/2021","411.000","411.500","411.500","411.250","0.01K","0.00%"
"16/07/2021","411.000","411.500","411.500","411.250","0.01K","0.00%"
"15/07/2021","411.000","411.500","411.500","411.500","","0.00%"
"14/07/2021","411.000","411.500","411.500","411.500","","0.00%"
"13/07/2021","411.000","411.500","411.500","411.500","","0.00%"
"12/07/2021","411.000","411.500","411.500","411.250","0.01K","0.00%"
"09/07/2021","411.000","411.500","411.500","411.500","","0.00%"
"08/07/2021","411.000","411.500","411.500","411.500","","0.00%"
"07/07/2021","411.000","411.500","411.500","411.250","0.01K","0.00%"
"06/07/2021","411.000","411.500","411.500","411.500","","0.00%"
"05/07/2021","411.000","411.500","411.500","411.250","0.01K","0.00%"
"02/07/2021","411.000","411.500","411.500","411.250","0.01K","0.00%"
"01/07/2021","411.000","411.500","411.500","411.500","","0.00%"
"30/06/2021","411.000","411.500","411.500","411.500","","0.00%"
"29/06/2021","411.000","411.500","411.500","411.500","","0.00%"
"28/06/2021","411.000","411.500","411.500","411.250","0.00K","0.00%"
"25/06/2021","411.000","411.500","411.500","410.750","0.01K","0.00%"
"24/06/2021","411.000","411.500","411.500","411.500","","0.00%"
"23/06/2021","411.000","411.380","411.500","410.250","0.02K","0.03%"
"22/06/2021","410.880","410.900","411.500","408.500","0.03K","0.12%"
"21/06/2021","410.400","410.500","411.250","410.500","0.02K","0.10%"
"18/06/2021","410.000","410.500","410.500","410.500","","0.00%"
"17/06/2021","410.000","410.500","410.500","408.500","0.01K","0.00%"
"16/06/2021","410.000","412.980","412.980","408.500","0.01K","-0.12%"
"15/06/2021","410.480","412.590","413.240","408.500","0.04K","0.10%"
"14/06/2021","410.090","412.590","412.590","412.590","","0.00%"
"11/06/2021","410.090","412.540","412.595","410.250","0.03K","0.01%"
"10/06/2021","410.040","412.540","412.945","408.500","0.02K","0.00%"
"09/06/2021","410.040","412.540","412.540","410.250","0.02K","0.00%"
"08/06/2021","410.040","412.540","412.770","408.500","0.01K","0.00%"
"07/06/2021","410.050","412.550","413.025","408.500","0.01K","0.00%"
"04/06/2021","410.050","412.550","412.550","410.500","0.01K","0.00%"
"03/06/2021","410.050","412.550","412.550","410.250","0.01K","0.00%"
"02/06/2021","410.050","412.980","412.990","410.500","0.03K","-0.10%"
"01/06/2021","410.480","413.000","413.375","410.500","0.02K","0.00%"
"31/05/2021","410.500","413.000","413.250","410.250","0.01K","0.00%"
"28/05/2021","410.500","412.600","413.250","407.500","0.02K","0.10%"
"27/05/2021","410.100","412.600","412.600","412.600","","0.00%"
"26/05/2021","410.100","412.600","412.800","408.750","0.01K","0.00%"
"25/05/2021","410.100","412.610","412.805","410.500","0.04K","0.00%"
"24/05/2021","410.110","412.700","412.700","410.250","0.03K","-0.02%"
"21/05/2021","410.200","412.800","412.800","412.700","0.03K","-0.02%"
"20/05/2021","410.300","412.800","413.025","409.500","0.01K","0.00%"
"19/05/2021","410.300","413.400","413.425","410.815","0.02K","-0.15%"
"18/05/2021","410.900","413.400","413.400","413.400","","0.00%"
"17/05/2021","410.900","412.500","413.450","408.750","0.02K","0.22%"
"14/05/2021","410.000","381.090","412.665","381.090","0.04K","7.73%"
"13/05/2021","380.590","381.090","381.090","381.090","","0.00%"
"12/05/2021","380.590","381.090","381.090","381.090","","0.00%"
"11/05/2021","380.590","381.090","381.295","381.045","0.02K","0.00%"
"10/05/2021","380.590","381.090","381.090","380.750","0.01K","0.00%"
"07/05/2021","380.590","381.090","381.090","381.090","","0.00%"
"06/05/2021","380.590","381.070","381.090","381.070","0.03K","0.01%"
"05/05/2021","380.570","381.070","381.070","381.070","","0.00%"
"04/05/2021","380.570","381.070","381.285","381.035","0.01K","0.00%"
"03/05/2021","380.570","381.050","381.070","381.050","0.02K","0.01%"
"30/04/2021","380.550","381.050","381.050","381.050","","0.00%"
"29/04/2021","380.550","381.050","381.050","381.050","","0.00%"
"28/04/2021","380.550","381.050","381.050","381.050","","0.00%"
"27/04/2021","380.550","381.050","381.275","380.750","0.03K","0.00%"
"26/04/2021","380.550","381.050","381.275","380.750","0.01K","0.00%"
"23/04/2021","380.550","381.050","381.275","381.025","0.01K","0.00%"
"22/04/2021","380.550","381.050","381.275","381.025","0.01K","0.00%"
"21/04/2021","380.550","381.050","381.275","381.025","0.01K","0.00%"
"20/04/2021","380.550","381.050","381.275","380.750","0.01K","0.00%"
"19/04/2021","380.550","381.050","381.275","381.025","0.01K","0.00%"
"16/04/2021","380.550","381.050","381.275","380.750","0.01K","0.00%"
"15/04/2021","380.550","381.050","381.275","381.025","0.01K","0.00%"
"14/04/2021","380.550","381.050","381.275","380.750","0.01K","0.00%"
"13/04/2021","380.550","381.050","381.275","380.750","0.01K","0.00%"
"12/04/2021","380.550","381.050","381.275","380.750","0.01K","0.00%"
"09/04/2021","380.550","381.050","381.275","381.025","0.01K","0.00%"
"08/04/2021","380.550","381.050","381.275","381.025","","0.00%"
"07/04/2021","380.550","381.050","381.275","381.025","0.01K","0.00%"
"06/04/2021","380.550","381.050","381.275","381.025","0.01K","0.00%"
"05/04/2021","380.550","381.050","381.050","381.050","","0.00%"
"02/04/2021","380.550","381.050","381.050","381.050","","0.00%"
"01/04/2021","380.550","381.050","381.275","380.750","0.01K","0.00%"
"31/03/2021","380.550","381.050","381.050","380.750","0.01K","0.00%"
"30/03/2021","380.550","381.050","381.050","380.750","0.02K","0.00%"
"29/03/2021","380.550","381.050","381.050","380.750","0.01K","0.00%"
"26/03/2021","380.550","381.050","381.050","381.050","","0.00%"
"25/03/2021","380.550","381.050","381.050","380.750","0.01K","0.00%"
"24/03/2021","380.550","381.050","381.050","380.750","0.00K","0.00%"
"23/03/2021","380.550","381.050","381.050","381.050","","0.00%"
"22/03/2021","380.550","381.050","381.275","381.025","0.01K","0.00%"
"19/03/2021","380.550","381.050","381.050","380.750","0.01K","0.00%"
"18/03/2021","380.550","381.050","381.275","381.025","0.01K","0.00%"
"17/03/2021","380.550","381.050","381.050","380.750","0.01K","0.00%"
"16/03/2021","380.550","381.050","381.050","380.750","0.00K","0.00%"
"15/03/2021","380.550","381.050","381.275","380.750","0.01K","0.00%"
"12/03/2021","380.550","381.050","381.275","380.750","0.01K","0.00%"
"11/03/2021","380.550","381.050","381.275","381.025","0.01K","0.00%"
"10/03/2021","380.550","381.050","381.275","381.025","0.01K","0.00%"
"09/03/2021","380.550","381.050","381.050","381.050","","0.00%"
"08/03/2021","380.550","381.050","381.275","380.750","0.01K","0.00%"
"05/03/2021","380.550","381.050","381.275","381.025","0.01K","0.00%"
"04/03/2021","380.550","381.050","381.275","381.025","0.01K","0.00%"
"03/03/2021","380.550","381.050","381.275","380.750","0.01K","0.00%"
"02/03/2021","380.550","381.050","381.275","381.025","0.01K","0.00%"
"01/03/2021","380.550","381.080","381.290","381.025","0.02K","-0.01%"
"26/02/2021","380.580","381.080","381.290","381.040","0.01K","0.00%"
"25/02/2021","380.580","381.100","381.300","381.040","0.02K","-0.01%"
"24/02/2021","380.600","381.100","381.300","380.750","0.01K","0.00%"
"23/02/2021","380.600","381.100","381.300","381.050","0.01K","0.00%"
"22/02/2021","380.600","381.100","381.300","381.050","0.01K","0.00%"
"19/02/2021","380.600","381.100","381.300","381.050","0.01K","0.00%"
"18/02/2021","380.600","381.150","381.150","381.100","0.02K","-0.01%"
"17/02/2021","380.650","381.150","381.325","381.075","0.01K","0.00%"
"16/02/2021","380.650","381.150","381.325","381.075","0.01K","0.00%"
"15/02/2021","380.650","381.150","381.325","381.075","0.00K","0.00%"
"12/02/2021","380.650","381.200","381.200","381.150","0.02K","-0.01%"
"11/02/2021","380.700","381.200","381.350","381.100","0.01K","0.00%"
"10/02/2021","380.700","381.200","381.350","380.750","0.01K","0.00%"
"09/02/2021","380.700","381.200","381.350","381.100","0.01K","0.00%"
"08/02/2021","380.700","381.200","381.350","381.100","0.01K","0.00%"
"05/02/2021","380.700","381.200","381.350","381.100","0.00K","0.00%"
"04/02/2021","380.700","381.200","381.350","381.100","0.01K","0.00%"
"03/02/2021","380.700","381.200","381.350","381.100","0.01K","0.00%"
"02/02/2021","380.700","381.200","381.350","380.750","0.01K","0.00%"
"01/02/2021","380.700","381.200","381.200","381.200","","0.00%"
"29/01/2021","380.700","381.200","381.200","381.200","","0.00%"
"28/01/2021","380.700","381.180","381.200","381.180","0.02K","0.01%"
"27/01/2021","380.680","381.200","381.350","380.750","0.01K","-0.01%"
"26/01/2021","380.700","381.200","381.350","381.100","0.01K","0.00%"
"25/01/2021","380.700","381.200","381.350","381.100","0.01K","0.00%"
"22/01/2021","380.700","381.200","381.200","381.200","","0.00%"
"21/01/2021","380.700","381.200","381.350","381.100","0.01K","0.00%"
"20/01/2021","380.700","381.200","381.350","381.100","0.01K","0.00%"
"19/01/2021","380.700","381.200","381.350","380.250","0.01K","0.00%"
"18/01/2021","380.700","381.200","381.350","381.100","0.01K","0.00%"
"15/01/2021","380.700","381.200","381.350","381.100","0.01K","0.00%"
"14/01/2021","380.700","381.200","381.350","381.100","0.01K","0.00%"
"13/01/2021","380.700","381.200","381.200","380.250","0.02K","0.00%"
"12/01/2021","380.700","381.200","381.200","380.250","0.02K","0.00%"
"11/01/2021","380.700","381.200","381.350","381.100","0.01K","0.00%"
"08/01/2021","380.700","381.200","381.350","380.250","0.01K","0.00%"
"07/01/2021","380.700","381.200","381.350","381.100","0.01K","0.00%"
"06/01/2021","380.700","381.200","381.200","380.250","0.01K","0.00%"
"05/01/2021","380.700","381.200","381.200","381.200","","0.00%"
"04/01/2021","380.700","381.200","381.350","381.100","","0.00%"
"01/01/2021","380.700","381.200","381.200","381.200","","0.00%"
"31/12/2020","380.700","381.200","381.200","381.200","","0.00%"
"30/12/2020","380.700","381.200","381.200","381.180","0.02K","0.00%"
"29/12/2020","380.700","381.200","381.350","380.250","0.01K","0.00%"
"28/12/2020","380.700","381.200","381.200","381.200","","0.00%"
"25/12/2020","380.700","381.200","381.200","381.200","","0.00%"
"24/12/2020","380.700","381.200","381.200","381.200","","0.00%"
"23/12/2020","380.700","381.200","381.200","381.200","","0.00%"
"22/12/2020","380.700","381.200","381.350","381.100","0.01K","0.00%"
"21/12/2020","380.700","381.200","381.350","381.100","0.01K","0.00%"
"18/12/2020","380.700","381.200","381.350","380.250","0.01K","0.00%"
"17/12/2020","380.700","381.200","381.200","380.250","0.01K","0.00%"
"16/12/2020","380.700","381.200","381.350","380.750","0.01K","0.00%"
"15/12/2020","380.700","381.200","381.350","380.750","0.01K","0.00%"
"14/12/2020","380.700","381.200","381.350","380.250","0.01K","0.00%"
"11/12/2020","380.700","381.200","381.200","380.750","0.01K","0.00%"
"10/12/2020","380.700","381.200","381.200","380.750","0.01K","0.00%"
"09/12/2020","380.700","381.200","381.350","381.100","0.01K","0.00%"
"08/12/2020","380.700","381.200","381.350","380.750","0.01K","0.00%"
"07/12/2020","380.700","381.200","381.350","380.750","0.01K","0.00%"
"04/12/2020","380.700","381.200","381.200","380.750","0.01K","0.00%"
"03/12/2020","380.700","381.200","381.200","381.200","","0.00%"
"02/12/2020","380.700","381.200","381.350","381.100","0.01K","0.00%"
"01/12/2020","380.700","381.200","381.200","381.200","","0.00%"
"30/11/2020","380.700","381.200","381.350","381.100","0.01K","0.00%"
"27/11/2020","380.700","381.200","381.200","381.200","","0.00%"
"26/11/2020","380.700","381.200","381.200","381.200","","0.00%"
"25/11/2020","380.700","381.200","381.200","381.200","","0.00%"
"24/11/2020","380.700","381.200","381.200","381.200","","0.00%"
"23/11/2020","380.700","381.200","381.350","380.250","0.01K","0.00%"
"20/11/2020","380.700","381.200","381.200","380.250","0.01K","0.00%"
"19/11/2020","380.700","381.200","381.200","380.750","0.01K","0.00%"
"18/11/2020","380.700","381.200","381.200","381.200","","0.00%"
"17/11/2020","380.700","381.200","381.350","380.250","0.01K","0.00%"
"16/11/2020","380.700","381.200","382.345","381.100","0.01K","0.00%"
"13/11/2020","380.700","381.200","381.350","380.250","0.01K","0.00%"
"12/11/2020","380.700","381.200","381.350","380.250","0.01K","0.00%"
"11/11/2020","380.700","381.200","381.200","380.250","0.00K","0.00%"
"10/11/2020","380.700","381.200","381.200","380.250","0.00K","0.00%"
"09/11/2020","380.700","381.200","381.200","380.250","0.01K","0.00%"
"06/11/2020","380.700","381.200","381.200","380.750","0.00K","0.00%"
"05/11/2020","380.700","381.200","381.200","380.250","0.00K","0.00%"
"04/11/2020","380.700","381.200","381.350","381.100","0.00K","0.00%"
"03/11/2020","380.700","381.200","381.200","381.200","","0.00%"
"02/11/2020","380.700","381.200","381.350","380.250","0.01K","0.00%"
"30/10/2020","380.700","381.200","381.200","381.200","","0.00%"
"29/10/2020","380.700","381.200","381.200","381.200","","0.00%"
"28/10/2020","380.700","381.200","381.350","380.250","0.01K","0.00%"
"27/10/2020","380.700","381.200","381.200","381.200","","0.00%"
"26/10/2020","380.700","381.200","381.200","381.200","","0.00%"
"23/10/2020","380.700","381.100","381.200","381.100","0.01K","0.03%"
"22/10/2020","380.600","381.100","381.100","381.100","","0.00%"
"21/10/2020","380.600","381.100","381.100","381.100","","0.00%"
"20/10/2020","380.600","381.100","381.100","380.750","0.01K","0.00%"
"19/10/2020","380.600","381.100","381.100","380.750","0.01K","0.00%"
"16/10/2020","380.600","381.100","381.100","381.100","","0.00%"
"15/10/2020","380.600","381.100","381.100","380.750","0.00K","0.00%"
"14/10/2020","380.600","381.100","381.100","381.100","","0.00%"
"13/10/2020","380.600","381.100","381.100","380.750","0.00K","0.00%"
"12/10/2020","380.600","381.100","381.100","380.750","0.01K","0.00%"
"09/10/2020","380.600","381.100","381.100","380.750","0.00K","0.00%"
"08/10/2020","380.600","381.100","381.100","380.750","0.01K","0.00%"
"07/10/2020","380.600","381.100","381.100","381.100","","0.00%"
"06/10/2020","380.600","381.100","381.100","381.100","","0.00%"
"05/10/2020","380.600","381.100","381.100","381.100","","0.00%"
"02/10/2020","380.600","381.100","381.100","381.100","","0.00%"
"01/10/2020","380.600","381.100","381.100","381.100","","0.00%"
"30/09/2020","380.600","381.100","381.100","380.750","0.00K","0.00%"
"29/09/2020","380.600","381.100","381.100","380.250","0.00K","0.00%"
"28/09/2020","380.600","381.100","381.300","380.750","0.00K","0.00%"
"25/09/2020","380.600","381.100","381.100","381.100","","0.00%"
"24/09/2020","380.600","381.100","381.100","381.100","","0.00%"
"23/09/2020","380.600","381.100","381.100","381.100","","0.00%"
"22/09/2020","380.600","381.100","381.100","381.100","","0.00%"
"21/09/2020","380.600","381.100","381.100","381.100","","0.00%"
"18/09/2020","380.600","381.200","381.200","381.100","0.01K","-0.03%"
"17/09/2020","380.700","381.200","381.200","380.250","0.00K","0.00%"
"16/09/2020","380.700","381.200","381.200","380.750","0.01K","0.00%"
"15/09/2020","380.700","381.200","381.200","380.750","0.01K","0.00%"
"14/09/2020","380.700","381.200","381.350","380.250","0.01K","0.00%"
"11/09/2020","380.700","381.200","381.350","380.750","0.01K","0.00%"
"10/09/2020","380.700","381.200","381.350","380.750","0.01K","0.00%"
"09/09/2020","380.700","381.200","381.350","380.750","0.01K","0.00%"
"08/09/2020","380.700","381.200","381.200","380.750","0.00K","0.00%"
"07/09/2020","380.700","381.200","381.350","380.250","0.01K","0.00%"
"04/09/2020","380.700","381.200","381.350","380.250","0.01K","0.00%"
"03/09/2020","380.700","381.200","381.350","380.250","0.01K","0.00%"
"02/09/2020","380.700","381.200","381.350","380.250","0.01K","0.00%"
"01/09/2020","380.700","381.200","381.350","380.250","0.01K","0.00%"
"31/08/2020","380.700","381.200","381.350","380.250","0.01K","0.00%"
"28/08/2020","380.700","381.200","381.350","380.250","0.00K","0.00%"
"27/08/2020","380.700","381.200","381.350","380.250","0.01K","0.00%"
"26/08/2020","380.700","381.500","381.500","380.750","0.02K","-0.08%"
"25/08/2020","381.000","381.500","381.500","380.250","0.00K","0.00%"
"24/08/2020","381.000","381.500","381.500","381.250","0.00K","0.00%"
"21/08/2020","381.000","381.500","381.500","380.250","0.01K","0.00%"
"20/08/2020","381.000","381.500","381.500","380.250","0.01K","0.00%"
"19/08/2020","381.000","381.500","381.500","380.250","0.02K","0.00%"
"18/08/2020","381.000","381.500","381.500","380.750","0.01K","0.00%"
"17/08/2020","381.000","379.500","381.500","379.500","0.02K","0.53%"
"14/08/2020","379.000","381.050","381.275","379.500","0.02K","-0.41%"
"13/08/2020","380.550","381.000","381.275","380.250","0.02K","0.01%"
"12/08/2020","380.500","381.000","381.250","380.250","0.01K","0.00%"
"11/08/2020","380.500","381.300","381.400","380.250","0.02K","-0.08%"
"10/08/2020","380.800","381.250","381.400","380.250","0.01K","0.01%"
"07/08/2020","380.750","381.250","381.375","380.250","0.00K","0.00%"
"06/08/2020","380.750","381.300","381.400","380.750","0.02K","-0.01%"
"05/08/2020","380.800","381.000","381.400","380.750","0.02K","0.08%"
"04/08/2020","380.500","381.000","381.250","380.250","0.01K","0.00%"
"03/08/2020","380.500","381.000","381.250","380.250","0.01K","0.00%"
"31/07/2020","380.500","381.000","381.000","381.000","","0.00%"
"30/07/2020","380.500","381.100","381.100","381.000","","-0.03%"
"29/07/2020","380.600","380.250","381.100","380.250","0.00K","-0.10%"
"28/07/2020","381.000","381.250","381.250","381.250","","0.13%"
"27/07/2020","380.500","381.250","381.250","380.250","0.00K","0.00%"
"24/07/2020","380.500","381.250","381.250","380.250","0.00K","-0.13%"
"23/07/2020","381.000","380.750","381.250","380.250","0.00K","0.13%"
"22/07/2020","380.500","381.250","381.250","380.250","0.00K","0.13%"
"21/07/2020","380.000","381.250","381.250","380.250","0.00K","-0.13%"
"20/07/2020","380.500","381.250","381.250","380.250","0.00K","0.13%"
"17/07/2020","380.000","380.750","381.250","380.250","0.00K","-0.13%"
"16/07/2020","380.500","380.750","380.750","380.750","0.00K","0.00%"
"15/07/2020","380.500","381.250","381.250","380.750","0.00K","-0.13%"
"14/07/2020","381.000","380.750","381.250","380.750","0.00K","0.13%"
"13/07/2020","380.500","380.750","380.750","380.750","","0.00%"
"10/07/2020","380.500","380.500","380.500","380.500","","0.00%"
"09/07/2020","380.500","380.750","385.500","380.250","0.01K","5.69%"
"08/07/2020","360.000","360.500","361.250","360.500","0.02K","0.00%"
"07/07/2020","360.000","360.500","361.250","360.500","0.01K","0.00%"
"06/07/2020","360.000","360.500","361.250","360.500","0.00K","0.00%"
"03/07/2020","360.000","360.500","360.500","360.500","","0.00%"
"02/07/2020","360.000","360.500","360.500","360.500","","0.00%"
"01/07/2020","360.000","360.500","360.500","360.500","","0.00%"
"30/06/2020","360.000","360.500","361.250","360.500","0.01K","0.00%"
"29/06/2020","360.000","360.500","361.250","360.500","0.00K","0.00%"
"26/06/2020","360.000","360.500","360.500","360.500","","0.00%"
"25/06/2020","360.000","360.500","361.250","360.500","0.00K","0.00%"
"24/06/2020","360.000","360.500","361.250","360.500","0.01K","0.00%"
"23/06/2020","360.000","360.500","361.250","360.500","0.01K","0.00%"
"22/06/2020","360.000","360.500","361.250","360.500","0.01K","0.00%"
"19/06/2020","360.000","360.500","361.250","360.500","0.01K","0.00%"
"18/06/2020","360.000","360.500","361.250","360.500","0.01K","0.00%"
"17/06/2020","360.000","360.500","361.250","360.500","0.01K","0.00%"
"16/06/2020","360.000","360.500","361.250","360.500","0.01K","0.00%"
"15/06/2020","360.000","360.500","361.250","360.500","0.01K","0.00%"
"12/06/2020","360.000","360.500","360.500","360.500","","0.00%"
"11/06/2020","360.000","360.500","361.250","360.500","0.01K","0.00%"
"10/06/2020","360.000","360.500","361.250","360.500","0.02K","0.00%"
"09/06/2020","360.000","360.500","361.250","360.500","0.01K","0.00%"
"08/06/2020","360.000","360.500","361.250","360.500","0.01K","0.00%"
"05/06/2020","360.000","360.500","361.250","360.500","0.01K","0.00%"
"04/06/2020","360.000","360.500","361.250","360.500","0.01K","0.00%"
"03/06/2020","360.000","360.500","361.250","360.500","0.01K","0.00%"
"02/06/2020","360.000","360.500","361.250","360.500","0.01K","0.00%"
"01/06/2020","360.000","360.500","361.250","360.500","0.00K","0.00%"
"29/05/2020","360.000","360.500","361.250","360.250","0.01K","0.00%"
"28/05/2020","360.000","360.500","361.250","360.500","0.01K","0.00%"
"27/05/2020","360.000","360.500","361.750","360.500","0.01K","0.00%"
"26/05/2020","360.000","360.500","360.500","360.500","","0.00%"
"25/05/2020","360.000","360.500","360.500","360.500","","0.00%"
"22/05/2020","360.000","360.500","361.250","360.500","0.00K","0.00%"
"21/05/2020","360.000","360.500","361.250","360.250","0.01K","0.00%"
"20/05/2020","360.000","360.500","361.250","360.500","0.01K","0.00%"
"19/05/2020","360.000","360.500","360.500","360.500","","0.00%"
"18/05/2020","360.000","360.500","361.250","360.250","0.01K","0.00%"
"15/05/2020","360.000","360.500","361.250","360.250","0.01K","0.00%"
"14/05/2020","360.000","360.500","360.500","360.500","","0.00%"
"13/05/2020","360.000","360.500","360.500","360.500","","0.00%"
"12/05/2020","360.000","360.500","361.250","360.250","0.01K","0.00%"
"11/05/2020","360.000","360.500","360.500","360.500","","0.00%"
"08/05/2020","360.000","360.500","360.500","360.500","","0.00%"
"07/05/2020","360.000","360.500","360.500","360.500","","0.00%"
"06/05/2020","360.000","360.500","360.500","360.500","","0.00%"
"05/05/2020","360.000","360.500","360.500","360.500","","0.00%"
"04/05/2020","360.000","360.500","360.500","360.500","","0.00%"
"01/05/2020","360.000","360.500","360.500","360.500","","0.00%"
"30/04/2020","360.000","360.500","360.500","360.500","","0.00%"
"29/04/2020","360.000","360.500","360.500","360.500","","0.00%"
"28/04/2020","360.000","360.500","360.500","360.500","","0.00%"
"27/04/2020","360.000","360.500","360.500","360.500","","0.00%"
"24/04/2020","360.000","360.500","361.500","360.250","0.01K","0.00%"
"23/04/2020","360.000","360.500","360.500","360.500","","0.00%"
"22/04/2020","360.000","360.500","360.500","360.500","","0.00%"
"21/04/2020","360.000","360.500","361.250","360.250","0.01K","0.00%"
"20/04/2020","360.000","360.500","361.250","360.500","0.01K","0.00%"
"17/04/2020","360.000","360.500","360.500","360.500","","0.00%"
"16/04/2020","360.000","360.500","360.500","360.250","0.01K","0.00%"
"15/04/2020","360.000","360.500","360.500","360.500","","0.00%"
"14/04/2020","360.000","360.500","360.500","360.500","","0.00%"
"13/04/2020","360.000","360.500","360.500","360.500","","0.00%"
"10/04/2020","360.000","360.500","360.500","360.500","","0.00%"
"09/04/2020","360.000","360.500","360.500","360.500","","0.00%"
"08/04/2020","360.000","360.500","360.500","360.500","","0.00%"
"07/04/2020","360.000","360.500","360.500","360.500","","0.00%"
"06/04/2020","360.000","360.500","360.500","360.500","","0.00%"
"03/04/2020","360.000","360.500","361.250","360.500","0.01K","0.00%"
"02/04/2020","360.000","360.500","361.250","360.250","0.01K","0.00%"
"01/04/2020","360.000","360.500","361.250","360.500","0.01K","0.00%"
"31/03/2020","360.000","360.500","361.250","360.500","0.00K","0.00%"
"30/03/2020","360.000","360.500","361.250","360.500","0.01K","0.00%"
"27/03/2020","360.000","360.500","361.250","360.500","0.00K","0.00%"
"26/03/2020","360.000","360.500","361.250","360.250","0.01K","0.00%"
"25/03/2020","360.000","360.500","360.500","360.500","","0.00%"
"24/03/2020","360.000","359.750","380.250","359.750","0.00K","-3.23%"
"23/03/2020","372.000","306.500","372.250","306.450","0.01K","21.57%"
"20/03/2020","306.000","306.500","306.750","305.550","0.02K","0.00%"
"19/03/2020","306.000","306.500","306.725","306.475","0.01K","0.00%"
"18/03/2020","306.000","306.450","306.725","306.450","0.01K","0.02%"
"17/03/2020","305.950","306.500","306.725","305.550","0.02K","-0.02%"
"16/03/2020","306.000","306.500","306.725","306.450","0.01K","0.00%"
"13/03/2020","306.000","306.450","306.725","306.425","0.03K","0.02%"
"12/03/2020","305.950","306.400","306.700","306.400","0.04K","0.02%"
"11/03/2020","305.900","306.500","306.725","306.400","0.04K","-0.03%"
"10/03/2020","306.000","306.500","306.725","306.450","0.02K","0.00%"
"09/03/2020","306.000","306.500","307.250","306.425","0.01K","0.00%"
"06/03/2020","306.000","306.500","307.250","306.450","0.01K","0.00%"
"05/03/2020","306.000","306.500","306.725","306.475","","0.00%"
"04/03/2020","306.000","306.500","307.250","306.475","0.01K","0.00%"
"03/03/2020","306.000","306.450","306.725","306.450","0.02K","0.02%"
"02/03/2020","305.950","306.400","306.700","306.400","0.02K","0.02%"
"28/02/2020","305.900","306.450","306.700","306.400","0.01K","-0.02%"
"27/02/2020","305.950","306.450","306.700","306.425","0.01K","0.00%"
"26/02/2020","305.950","306.420","306.700","306.420","0.02K","0.01%"
"25/02/2020","305.920","306.500","307.200","306.410","0.02K","-0.03%"
"24/02/2020","306.000","306.500","306.725","306.450","0.01K","0.00%"
"21/02/2020","306.000","306.500","306.725","306.400","0.02K","0.00%"
"20/02/2020","306.000","306.450","307.250","306.400","0.05K","0.02%"
"19/02/2020","305.950","306.700","306.700","306.400","0.01K","0.00%"
"18/02/2020","305.950","306.450","306.700","306.425","0.02K","0.00%"
"17/02/2020","305.950","306.400","306.700","306.400","0.02K","0.02%"
"14/02/2020","305.900","306.400","306.700","306.400","0.03K","0.00%"
"13/02/2020","305.900","306.400","306.700","306.400","0.02K","0.00%"
"12/02/2020","305.900","306.400","307.200","306.400","0.02K","0.00%"
"11/02/2020","305.900","306.450","306.700","306.400","0.04K","-0.02%"
"10/02/2020","305.950","306.700","307.250","306.400","0.02K","0.00%"
"07/02/2020","305.950","306.450","306.700","306.400","0.03K","0.00%"
"06/02/2020","305.950","306.500","306.725","306.425","0.03K","-0.02%"
"05/02/2020","306.000","306.500","307.250","306.450","0.01K","0.00%"
"04/02/2020","306.000","306.700","307.250","306.450","0.03K","0.00%"
"03/02/2020","306.000","306.500","306.725","306.425","0.01K","0.00%"
"31/01/2020","306.000","306.500","307.250","306.450","0.01K","0.00%"
"30/01/2020","306.000","306.700","307.250","305.550","0.01K","0.00%"
"29/01/2020","306.000","306.400","307.250","306.400","0.05K","0.03%"
"28/01/2020","305.900","306.420","306.700","306.400","0.04K","-0.01%"
"27/01/2020","305.920","306.450","306.700","306.410","0.04K","-0.01%"
"24/01/2020","305.950","306.450","306.700","306.400","0.02K","0.00%"
"23/01/2020","305.950","306.450","306.700","306.400","0.03K","0.00%"
"22/01/2020","305.950","306.450","306.700","306.400","","0.00%"
"21/01/2020","305.950","306.450","306.700","306.400","","0.00%"
"20/01/2020","305.950","306.400","306.700","306.400","","0.02%"
"17/01/2020","305.880","306.380","306.700","306.380","","0.00%"
"16/01/2020","305.880","306.400","306.700","306.380","","-0.01%"
"15/01/2020","305.900","306.400","306.700","306.400","","0.00%"
"14/01/2020","305.900","306.400","306.700","306.400","","0.00%"
"13/01/2020","305.900","306.400","306.700","306.400","","0.00%"
"10/01/2020","305.900","306.700","306.700","306.400","","0.00%"
"09/01/2020","305.900","306.500","306.725","306.400","","-0.03%"
"08/01/2020","306.000","306.500","307.200","306.425","","0.00%"
"07/01/2020","306.000","306.480","306.725","306.440","","0.01%"
"06/01/2020","305.980","306.500","306.725","306.440","","-0.01%"
"03/01/2020","306.000","307.500","307.500","306.450","","-0.33%"
"02/01/2020","307.000","306.500","307.500","306.450","","0.33%"
"01/01/2020","306.000","306.500","306.725","306.475","","0.00%"
"31/12/2019","306.000","306.500","306.725","306.450","","0.00%"
"30/12/2019","306.000","306.500","306.750","306.450","","0.00%"
"27/12/2019","306.000","306.500","306.725","306.450","","0.00%"
"26/12/2019","306.000","306.700","306.750","306.475","","0.00%"
"25/12/2019","306.000","306.500","306.725","306.475","","0.00%"
"24/12/2019","306.000","306.450","306.725","306.400","","0.02%"
"23/12/2019","305.950","306.400","306.700","306.400","","0.02%"
"20/12/2019","305.900","306.400","306.700","306.400","","0.00%"
"19/12/2019","305.900","306.700","306.700","306.400","","-0.02%"
"18/12/2019","305.950","306.400","306.700","306.400","","0.02%"
"17/12/2019","305.900","306.350","306.700","306.350","","0.02%"
"16/12/2019","305.850","306.450","306.700","306.350","","-0.03%"
"13/12/2019","305.950","306.400","306.700","306.400","","0.02%"
"12/12/2019","305.900","306.700","307.200","306.380","","0.01%"
"11/12/2019","305.880","306.380","306.700","306.380","","0.00%"
"10/12/2019","305.880","306.700","306.700","306.380","","-0.01%"
"09/12/2019","305.900","306.450","306.700","306.400","","-0.02%"
"06/12/2019","305.950","306.450","306.700","306.400","","0.00%"
"05/12/2019","305.950","306.480","306.715","306.425","","0.00%"
"04/12/2019","305.950","306.400","306.700","306.400","","0.02%"
"03/12/2019","305.900","306.700","306.725","306.400","","-0.03%"
"02/12/2019","306.000","306.500","306.825","306.450","","0.00%"
"29/11/2019","306.000","306.700","306.725","306.425","","0.00%"
"28/11/2019","306.000","306.500","306.725","306.475","","0.00%"
"27/11/2019","306.000","306.450","306.725","306.400","","0.02%"
"26/11/2019","305.950","306.450","306.700","306.425","","0.00%"
"25/11/2019","305.950","306.400","306.700","306.400","","0.02%"
"22/11/2019","305.900","306.450","307.200","306.400","","-0.02%"
"21/11/2019","305.950","307.450","307.450","306.450","","-0.33%"
"20/11/2019","306.950","307.450","307.450","306.700","","0.00%"
"19/11/2019","306.950","307.450","307.450","306.700","","0.00%"
"18/11/2019","306.950","307.450","307.450","306.650","","0.00%"
"15/11/2019","306.950","307.400","307.450","306.700","","0.02%"
"14/11/2019","306.900","307.400","307.450","306.650","","0.00%"
"13/11/2019","306.900","306.700","307.450","306.650","","0.00%"
"12/11/2019","306.900","307.400","307.450","306.650","","0.00%"
"11/11/2019","306.900","307.400","307.450","306.700","","0.00%"
"08/11/2019","306.900","306.450","307.450","306.400","","0.31%"
"07/11/2019","305.950","306.450","307.200","306.400","","0.00%"
"06/11/2019","305.950","306.450","306.700","306.400","","0.00%"
"05/11/2019","305.950","306.500","306.725","306.450","","-0.02%"
"04/11/2019","306.000","306.500","306.725","306.475","","0.00%"
"01/11/2019","306.000","306.500","307.150","306.475","","0.00%"
"31/10/2019","306.000","306.480","306.725","306.440","","0.01%"
"30/10/2019","305.980","307.400","307.450","306.440","","-0.30%"
"29/10/2019","306.900","307.450","307.450","306.650","","-0.02%"
"28/10/2019","306.950","307.450","307.450","306.650","","0.00%"
"25/10/2019","306.950","307.400","307.475","306.650","","0.02%"
"24/10/2019","306.900","307.400","307.450","306.650","","0.00%"
"23/10/2019","306.900","306.700","307.450","306.700","","0.00%"
"22/10/2019","306.900","307.400","307.400","306.650","","0.00%"
"21/10/2019","306.900","306.400","307.425","306.400","","0.33%"
"18/10/2019","305.900","306.400","306.700","306.400","","0.00%"
"17/10/2019","305.900","306.450","306.700","306.400","","-0.02%"
"16/10/2019","305.950","306.700","306.700","306.425","","0.00%"
"15/10/2019","305.950","306.450","306.700","306.400","","0.00%"
"14/10/2019","305.950","306.450","306.700","306.400","","0.00%"
"11/10/2019","305.950","306.500","306.725","306.425","","-0.02%"
"10/10/2019","306.000","306.500","307.250","306.450","","0.00%"
"09/10/2019","306.000","306.500","307.250","306.450","","0.00%"
"08/10/2019","306.000","306.500","306.725","306.450","","0.00%"
"07/10/2019","306.000","306.500","306.725","306.450","","0.00%"
"04/10/2019","306.000","306.500","306.725","306.475","","0.00%"
"03/10/2019","306.000","306.700","306.725","306.450","","0.00%"
"02/10/2019","306.000","306.500","306.725","306.450","","0.00%"
"01/10/2019","306.000","306.450","306.725","306.400","","0.02%"
"30/09/2019","305.950","306.400","307.250","306.400","","0.02%"
"27/09/2019","305.900","306.450","307.200","306.400","","-0.02%"
"26/09/2019","305.950","306.450","307.150","306.400","","0.00%"
"25/09/2019","305.950","306.400","307.150","306.400","","0.02%"
"24/09/2019","305.900","306.400","307.200","306.350","","0.00%"
"23/09/2019","305.900","306.400","307.150","306.350","","0.00%"
"20/09/2019","305.900","306.400","307.150","306.400","","0.00%"
"19/09/2019","305.900","306.380","306.700","306.380","","0.01%"
"18/09/2019","305.880","306.380","307.200","306.380","","0.00%"
"17/09/2019","305.880","306.400","306.700","306.380","","-0.01%"
"16/09/2019","305.900","306.700","307.200","306.350","","0.02%"
"13/09/2019","305.850","306.350","306.700","306.350","","0.00%"
"12/09/2019","305.850","306.300","307.200","306.300","","0.02%"
"11/09/2019","305.800","306.400","306.700","306.300","","-0.03%"
"10/09/2019","305.900","306.380","306.700","306.365","","0.01%"
"09/09/2019","305.880","306.400","306.700","306.380","","-0.01%"
"06/09/2019","305.900","306.400","306.700","306.400","","0.00%"
"05/09/2019","305.900","306.450","306.700","306.400","","-0.02%"
"04/09/2019","305.950","306.700","306.700","306.420","","0.01%"
"03/09/2019","305.920","306.500","306.750","306.420","","-0.03%"
"02/09/2019","306.000","306.500","306.725","306.475","","0.00%"
"30/08/2019","306.000","306.700","306.750","306.475","","0.00%"
"29/08/2019","306.000","306.500","306.750","306.475","","0.00%"
"28/08/2019","306.000","306.700","307.250","306.450","","0.00%"
"27/08/2019","306.000","306.700","307.250","306.400","","0.02%"
"26/08/2019","305.950","306.400","306.750","306.400","","0.02%"
"23/08/2019","305.900","306.450","306.750","306.400","","-0.02%"
"22/08/2019","305.950","306.450","307.200","306.400","","0.00%"
"21/08/2019","305.950","306.450","307.200","306.450","","0.02%"
"20/08/2019","305.900","306.380","307.250","306.380","","0.01%"
"19/08/2019","305.880","306.400","306.700","306.380","","-0.01%"
"16/08/2019","305.900","306.400","306.700","306.350","","0.00%"
"15/08/2019","305.900","306.400","306.700","306.400","","0.00%"
"14/08/2019","305.900","306.400","306.700","306.400","","0.00%"
"13/08/2019","305.900","306.380","306.700","306.380","","0.01%"
"12/08/2019","305.880","306.700","306.700","306.380","","-0.01%"
"09/08/2019","305.900","306.400","307.250","306.400","","0.00%"
"08/08/2019","305.900","306.380","306.700","306.380","","0.01%"
"07/08/2019","305.880","306.380","307.100","306.380","","0.00%"
"06/08/2019","305.880","306.300","306.700","306.300","","0.03%"
"05/08/2019","305.800","306.700","307.250","306.300","","-0.03%"
"02/08/2019","305.880","306.700","306.700","306.300","","0.03%"
"01/08/2019","305.800","306.300","307.200","306.300","","0.00%"
"31/07/2019","305.800","306.380","306.700","306.300","","-0.03%"
"30/07/2019","305.880","306.380","306.700","306.380","","0.00%"
"29/07/2019","305.880","306.700","307.250","306.380","","0.00%"
"26/07/2019","305.880","306.380","306.700","306.380","","0.00%"
"25/07/2019","305.880","306.380","307.250","306.380","","0.00%"
"24/07/2019","305.880","306.400","307.200","306.380","","-0.01%"
"23/07/2019","305.900","306.450","307.250","306.400","","-0.02%"
"22/07/2019","305.950","306.700","306.700","306.450","","0.00%"
"19/07/2019","305.950","306.450","307.200","306.450","","0.00%"
"18/07/2019","305.950","306.400","307.200","306.400","","0.02%"
"17/07/2019","305.900","306.450","306.700","306.400","","-0.02%"
"16/07/2019","305.950","306.500","306.750","306.450","","-0.02%"
"15/07/2019","306.000","306.700","307.250","306.400","","0.00%"
"12/07/2019","306.000","306.500","307.250","306.475","","0.00%"
"11/07/2019","306.000","306.500","306.750","306.475","","0.00%"
"10/07/2019","306.000","306.500","307.250","306.475","","0.00%"
"09/07/2019","306.000","306.700","307.200","306.450","","0.02%"
"08/07/2019","305.950","306.450","307.250","306.400","","0.00%"
"05/07/2019","305.950","306.450","307.200","306.400","","0.00%"
"04/07/2019","305.950","306.700","307.200","306.400","","0.00%"
"03/07/2019","305.950","306.450","307.200","306.400","","0.00%"
"02/07/2019","305.950","306.400","307.200","306.400","","0.02%"
"01/07/2019","305.900","306.400","307.200","306.380","","0.00%"
"28/06/2019","305.900","306.400","307.150","306.400","","0.00%"
"27/06/2019","305.900","306.400","307.200","306.400","","0.00%"
"26/06/2019","305.900","306.380","307.200","306.380","","0.01%"
"25/06/2019","305.880","306.400","307.150","306.380","","-0.01%"
"24/06/2019","305.900","306.420","307.150","306.400","","-0.01%"
"21/06/2019","305.920","306.700","307.200","306.400","","0.01%"
"20/06/2019","305.900","306.450","307.200","306.350","","-0.02%"
"19/06/2019","305.950","306.450","307.200","306.400","","0.00%"
"18/06/2019","305.950","306.500","307.200","306.450","","-0.02%"
"17/06/2019","306.000","306.500","307.200","306.475","","0.00%"
"14/06/2019","306.000","306.500","307.250","306.375","","0.00%"
"13/06/2019","306.000","306.700","307.250","306.475","","0.00%"
"12/06/2019","306.000","306.500","306.725","306.450","","-0.33%"
"11/06/2019","307.000","306.400","307.250","306.400","","0.36%"
"10/06/2019","305.900","306.450","307.200","306.350","","-0.02%"
"07/06/2019","305.950","306.400","307.200","306.400","","0.02%"
"06/06/2019","305.900","306.450","307.200","306.400","","-0.02%"
"05/06/2019","305.950","306.450","306.700","306.450","","0.00%"
"04/06/2019","305.950","306.420","306.700","306.420","","0.01%"
"03/06/2019","305.920","306.400","307.200","306.350","","0.01%"
"31/05/2019","305.900","306.450","307.200","306.400","","-0.02%"
"30/05/2019","305.950","306.450","306.700","306.400","","0.00%"
"29/05/2019","305.950","306.420","306.700","306.420","","0.01%"
"28/05/2019","305.920","306.400","307.200","306.350","","0.01%"
"27/05/2019","305.900","306.400","306.700","306.400","","0.00%"
"24/05/2019","305.900","306.400","306.700","306.400","","0.00%"
"23/05/2019","305.900","306.700","306.700","306.380","","0.01%"
"22/05/2019","305.880","306.400","306.700","306.380","","-0.01%"
"21/05/2019","305.900","306.450","306.700","306.400","","-0.02%"
"20/05/2019","305.950","306.700","306.700","306.400","","0.00%"
"17/05/2019","305.950","306.450","306.700","306.400","","0.00%"
"16/05/2019","305.950","306.700","307.250","306.400","","0.00%"
"15/05/2019","305.950","306.450","306.700","306.380","","0.00%"
"14/05/2019","305.950","306.500","306.725","306.340","","-0.02%"
"13/05/2019","306.000","306.380","307.250","306.380","","0.00%"
"10/05/2019","306.000","306.500","306.750","306.380","","0.00%"
"09/05/2019","306.000","306.500","306.750","306.380","","0.00%"
"08/05/2019","306.000","306.500","306.750","306.340","","0.00%"
"07/05/2019","306.000","306.450","314.750","306.340","","0.02%"
"06/05/2019","305.950","306.450","314.750","306.340","","0.00%"
"03/05/2019","305.950","306.400","314.750","306.340","","0.02%"
"02/05/2019","305.900","306.420","314.750","306.380","","-0.01%"
"01/05/2019","305.920","306.450","306.450","306.380","","-0.01%"
"30/04/2019","305.950","306.380","314.750","306.340","","0.02%"
"29/04/2019","305.880","306.380","314.750","306.340","","0.00%"
"26/04/2019","305.880","306.380","314.750","306.340","","0.00%"
"25/04/2019","305.880","306.400","314.750","306.340","","-0.01%"
"24/04/2019","305.900","306.450","314.750","306.350","","-0.02%"
"23/04/2019","305.950","306.400","314.750","306.350","","0.02%"
"22/04/2019","305.900","306.450","306.450","306.400","","-0.02%"
"19/04/2019","305.950","306.400","306.450","306.400","","0.02%"
"18/04/2019","305.900","306.400","314.750","306.350","","0.00%"
"17/04/2019","305.900","306.400","314.750","306.350","","0.00%"
"16/04/2019","305.900","306.500","314.750","306.350","","-0.03%"
"15/04/2019","306.000","306.500","314.750","306.400","","0.00%"
"12/04/2019","306.000","306.500","314.750","305.000","","0.00%"
"11/04/2019","306.000","306.500","314.750","305.600","","0.00%"
"10/04/2019","306.000","306.500","314.750","306.400","","0.00%"
"09/04/2019","306.000","306.500","314.750","306.400","","0.00%"
"08/04/2019","306.000","306.500","314.750","306.400","","0.00%"
"05/04/2019","306.000","306.500","314.750","306.380","","0.00%"
"04/04/2019","306.000","306.500","314.750","306.340","","0.00%"
"03/04/2019","306.000","306.450","306.650","304.250","","0.02%"
"02/04/2019","305.950","306.450","314.750","306.380","","0.00%"
"01/04/2019","305.950","306.400","314.750","306.340","","0.02%"
"29/03/2019","305.900","306.450","314.750","306.380","","-0.02%"
"28/03/2019","305.950","306.450","314.750","306.380","","0.00%"
"27/03/2019","305.950","306.420","314.750","306.340","","0.01%"
"26/03/2019","305.920","306.380","314.750","306.380","","0.01%"
"25/03/2019","305.880","306.400","314.750","306.380","","-0.01%"
"22/03/2019","305.900","306.400","306.420","306.380","","0.00%"
"21/03/2019","305.900","306.400","314.750","306.340","","0.00%"
"20/03/2019","305.900","306.450","306.625","306.340","","-0.02%"
"19/03/2019","305.950","306.450","314.750","306.340","","0.00%"
"18/03/2019","305.950","306.450","314.750","306.380","","0.00%"
"15/03/2019","305.950","306.420","314.750","306.380","","0.01%"
"14/03/2019","305.920","306.450","314.750","306.380","","-0.01%"
"13/03/2019","305.950","306.450","314.750","306.380","","0.00%"
"12/03/2019","305.950","306.400","314.750","306.380","","0.02%"
"11/03/2019","305.900","306.400","314.750","306.400","","0.00%"
"08/03/2019","305.900","314.750","314.750","306.340","","0.01%"
"07/03/2019","305.880","306.380","314.750","306.380","","0.00%"
"06/03/2019","305.880","306.380","314.750","306.340","","0.00%"
"05/03/2019","305.880","314.750","314.750","306.300","","0.03%"
"04/03/2019","305.800","306.300","314.750","306.300","","0.00%"
"01/03/2019","305.800","314.750","314.750","306.300","","-0.01%"
"28/02/2019","305.820","306.300","314.750","306.300","","0.01%"
"27/02/2019","305.800","314.750","314.750","306.300","","0.00%"
"26/02/2019","305.800","306.300","314.750","306.200","","0.00%"
"25/02/2019","305.800","306.300","314.750","306.200","","0.00%"
"22/02/2019","305.800","306.300","314.750","306.200","","0.00%"
"21/02/2019","305.800","306.280","314.750","306.200","","0.01%"
"20/02/2019","305.780","306.280","314.750","306.200","","0.00%"
"19/02/2019","305.780","306.200","314.750","306.180","","0.03%"
"18/02/2019","305.700","306.250","314.750","306.180","","-0.02%"
"15/02/2019","305.750","306.180","307.000","306.180","","0.02%"
"14/02/2019","305.700","306.250","307.000","306.180","","-0.02%"
"13/02/2019","305.750","306.180","314.750","306.180","","0.02%"
"12/02/2019","305.680","306.200","314.750","306.180","","-0.01%"
"11/02/2019","305.700","306.200","314.750","306.200","","0.00%"
"08/02/2019","305.700","306.250","314.750","306.200","","-0.02%"
"07/02/2019","305.750","306.200","314.750","306.150","","0.02%"
"06/02/2019","305.700","306.280","314.750","306.200","","-0.03%"
"05/02/2019","305.780","307.200","314.750","305.550","","-0.30%"
"04/02/2019","306.700","307.200","307.280","306.550","","0.00%"
"01/02/2019","306.700","307.250","307.300","306.550","","-0.02%"
"31/01/2019","306.750","307.280","307.290","306.550","","0.02%"
"30/01/2019","306.700","307.200","307.280","304.750","","0.00%"
"29/01/2019","306.700","307.300","314.750","304.750","","-0.03%"
"28/01/2019","306.780","307.280","314.750","306.550","","0.00%"
"25/01/2019","306.780","307.300","314.750","306.550","","-0.01%"
"24/01/2019","306.800","307.280","314.750","306.250","","0.01%"
"23/01/2019","306.780","307.300","307.380","304.750","","-0.01%"
"22/01/2019","306.800","307.350","307.380","306.550","","-0.02%"
"21/01/2019","306.850","307.380","307.380","306.600","","0.02%"
"18/01/2019","306.800","307.350","307.380","306.600","","-0.02%"
"17/01/2019","306.850","307.350","307.450","304.750","","0.00%"
"16/01/2019","306.850","307.380","307.390","307.075","","0.02%"
"15/01/2019","306.800","307.300","307.440","307.150","","0.00%"
"14/01/2019","306.800","307.380","307.450","307.150","","-0.03%"
"11/01/2019","306.880","307.380","307.450","307.140","","0.00%"
"10/01/2019","306.880","307.380","307.450","304.750","","0.00%"
"09/01/2019","306.880","307.380","307.450","307.190","","0.00%"
"08/01/2019","306.880","307.400","307.475","306.250","","-0.01%"
"07/01/2019","306.900","307.400","307.475","307.200","","0.00%"
"04/01/2019","306.900","307.480","307.490","307.200","","-0.03%"
"03/01/2019","306.980","307.500","307.500","306.250","","-0.01%"
"02/01/2019","307.000","307.500","307.500","304.750","","0.00%"
"01/01/2019","307.000","306.850","307.500","306.850","","0.00%"
"31/12/2018","307.000","307.500","307.500","304.750","","0.00%"
"28/12/2018","307.000","306.850","307.500","306.850","","0.03%"
"27/12/2018","306.920","306.850","307.450","304.750","","0.33%"
"26/12/2018","305.920","306.850","306.850","306.400","","-0.01%"
"25/12/2018","305.950","306.450","306.850","306.450","","0.00%"
"24/12/2018","305.950","306.450","306.850","306.450","","0.00%"
"21/12/2018","305.950","306.450","306.850","306.400","","0.00%"
"20/12/2018","305.950","307.100","307.100","306.400","","0.00%"
"19/12/2018","305.950","306.450","307.100","306.450","","0.00%"
"18/12/2018","305.950","306.380","307.100","306.380","","0.02%"
"17/12/2018","305.880","306.380","307.100","306.380","","0.00%"
"14/12/2018","305.880","307.100","307.150","306.380","","0.00%"
"13/12/2018","305.880","307.100","307.150","306.350","","-0.01%"
"12/12/2018","305.900","306.380","307.150","306.380","","0.01%"
"11/12/2018","305.880","306.300","307.100","306.300","","0.03%"
"10/12/2018","305.800","306.300","307.100","306.250","","0.00%"
"07/12/2018","305.800","306.300","307.100","306.300","","0.00%"
"06/12/2018","305.800","306.320","307.100","304.750","","-0.01%"
"05/12/2018","305.820","306.300","307.050","306.280","","0.01%"
"04/12/2018","305.800","306.300","307.050","306.280","","0.00%"
"03/12/2018","305.800","306.280","307.050","306.140","","0.01%"
"30/11/2018","305.780","306.280","307.050","304.750","","0.00%"
"29/11/2018","305.780","306.300","307.050","306.200","","-0.01%"
"28/11/2018","305.800","306.300","314.750","306.200","","0.00%"
"27/11/2018","305.800","306.250","314.750","306.200","","0.02%"
"26/11/2018","305.750","306.200","314.750","306.100","","0.02%"
"23/11/2018","305.700","306.200","306.850","304.750","","0.00%"
"22/11/2018","305.700","306.200","306.850","306.200","","0.00%"
"21/11/2018","305.700","306.250","314.750","306.200","","-0.02%"
"20/11/2018","305.750","306.180","306.250","306.180","","0.02%"
"19/11/2018","305.680","306.200","314.750","306.180","","-0.01%"
"16/11/2018","305.700","306.180","314.750","306.180","","0.01%"
"15/11/2018","305.680","306.180","306.850","306.115","","0.00%"
"14/11/2018","305.680","306.180","306.900","306.100","","0.00%"
"13/11/2018","305.680","306.100","314.750","306.100","","0.03%"
"12/11/2018","305.600","306.100","306.900","306.100","","0.00%"
"09/11/2018","305.600","306.100","306.900","304.750","","0.00%"
"08/11/2018","305.600","306.100","306.900","306.100","","0.00%"
"07/11/2018","305.600","306.100","314.750","306.100","","0.00%"
"06/11/2018","305.600","306.080","306.900","306.050","","0.01%"
"05/11/2018","305.580","306.050","314.750","306.050","","0.01%"
"02/11/2018","305.550","306.080","314.750","305.750","","-0.01%"
"01/11/2018","305.580","306.050","314.750","304.750","","0.01%"
"31/10/2018","305.550","306.100","314.750","304.750","","-0.02%"
"30/10/2018","305.600","306.000","306.850","304.750","","0.03%"
"29/10/2018","305.500","306.000","306.800","304.750","","0.00%"
"26/10/2018","305.500","306.040","306.800","306.000","","-0.01%"
"25/10/2018","305.540","306.000","306.750","306.000","","0.01%"
"24/10/2018","305.500","306.000","306.650","305.450","","0.00%"
"23/10/2018","305.500","305.980","306.750","305.980","","0.01%"
"22/10/2018","305.480","305.980","306.750","305.980","","0.00%"
"19/10/2018","305.480","305.950","314.750","304.750","","0.01%"
"18/10/2018","305.450","305.950","306.750","305.950","","0.00%"
"17/10/2018","305.450","306.000","314.750","305.950","","-0.02%"
"16/10/2018","305.500","304.900","314.750","304.700","","0.36%"
"15/10/2018","304.400","304.900","314.750","304.900","","0.00%"
"12/10/2018","304.400","304.900","314.750","304.700","","0.00%"
"11/10/2018","304.400","304.950","306.700","304.900","","-0.02%"
"10/10/2018","304.450","305.900","314.750","304.950","","-0.31%"
"09/10/2018","305.400","305.900","314.750","305.700","","0.00%"
"08/10/2018","305.400","305.850","305.950","304.750","","0.02%"
"05/10/2018","305.350","305.900","306.600","304.750","","-0.02%"
"04/10/2018","305.400","305.880","306.600","304.750","","0.01%"
"03/10/2018","305.380","305.800","314.750","304.750","","0.03%"
"02/10/2018","305.300","305.800","306.600","305.650","","0.00%"
"01/10/2018","305.300","305.750","306.850","305.650","","-0.34%"
"28/09/2018","306.350","305.800","306.850","304.750","","0.34%"
"27/09/2018","305.300","305.800","314.750","305.650","","0.00%"
"26/09/2018","305.300","305.800","314.750","304.750","","0.00%"
"25/09/2018","305.300","305.780","306.100","305.625","","0.01%"
"24/09/2018","305.280","305.780","306.550","305.640","","0.00%"
"21/09/2018","305.280","305.780","306.550","304.750","","0.00%"
"20/09/2018","305.280","305.780","306.550","305.725","","0.00%"
"19/09/2018","305.280","305.750","314.750","305.700","","0.01%"
"18/09/2018","305.250","305.950","314.750","304.750","","0.02%"
"17/09/2018","305.200","304.720","306.550","304.720","","-0.01%"
"14/09/2018","305.220","304.720","314.750","304.610","","0.01%"
"13/09/2018","305.200","304.700","314.750","304.600","","0.33%"
"12/09/2018","304.200","304.720","306.500","304.600","","-0.01%"
"11/09/2018","304.220","305.700","314.750","304.700","","-0.32%"
"10/09/2018","305.200","305.680","305.990","305.575","","0.01%"
"07/09/2018","305.180","305.680","314.750","304.750","","0.00%"
"06/09/2018","305.180","305.700","306.400","305.650","","-0.01%"
"05/09/2018","305.200","305.650","314.750","305.600","","0.02%"
"04/09/2018","305.150","305.650","314.750","305.600","","0.00%"
"03/09/2018","305.150","305.650","314.750","305.650","","0.00%"
"31/08/2018","305.150","305.650","306.400","305.575","","0.00%"
"30/08/2018","305.150","305.650","306.300","305.580","","0.00%"
"29/08/2018","305.150","305.600","306.400","304.750","","0.02%"
"28/08/2018","305.100","305.650","306.300","305.540","","0.01%"
"27/08/2018","305.080","305.600","306.300","305.550","","-0.01%"
"24/08/2018","305.100","305.600","314.750","305.600","","0.00%"
"23/08/2018","305.100","305.600","314.750","304.750","","0.00%"
"22/08/2018","305.100","305.480","305.600","305.480","","0.00%"
"21/08/2018","305.100","305.600","305.600","305.480","","0.00%"
"20/08/2018","305.100","305.600","314.750","304.750","","0.00%"
"17/08/2018","305.100","305.520","314.750","305.480","","0.03%"
"16/08/2018","305.020","305.500","314.750","304.750","","0.01%"
"15/08/2018","305.000","305.550","314.750","304.750","","-0.02%"
"14/08/2018","305.050","305.450","314.750","305.450","","0.03%"
"13/08/2018","304.950","305.500","314.750","304.750","","-0.02%"
"10/08/2018","305.000","305.480","314.750","304.750","","0.01%"
"09/08/2018","304.980","305.500","314.750","305.480","","-0.01%"
"08/08/2018","305.000","305.500","315.250","305.250","","0.00%"
"07/08/2018","305.000","305.450","314.750","305.450","","0.02%"
"06/08/2018","304.950","305.420","314.750","305.420","","0.01%"
"03/08/2018","304.920","305.450","314.750","305.400","","-0.01%"
"02/08/2018","304.950","305.320","314.750","305.320","","0.04%"
"01/08/2018","304.820","305.380","314.750","305.320","","-0.02%"
"31/07/2018","304.880","305.380","314.750","304.750","","0.00%"
"30/07/2018","304.880","305.380","314.750","304.750","","0.00%"
"27/07/2018","304.880","305.380","314.750","304.750","","0.00%"
"26/07/2018","304.880","305.380","314.750","305.190","","0.00%"
"25/07/2018","304.880","305.300","314.750","305.150","","-3.06%"
"24/07/2018","314.500","305.300","314.750","305.300","","3.18%"
"23/07/2018","304.800","305.350","314.750","305.300","","-0.02%"
"20/07/2018","304.850","305.320","314.750","305.310","","0.01%"
"19/07/2018","304.820","305.550","314.750","305.280","","0.01%"
"18/07/2018","304.780","305.280","314.750","305.280","","0.00%"
"17/07/2018","304.780","305.280","314.750","305.240","","0.00%"
"16/07/2018","304.780","305.950","314.750","305.280","","0.00%"
"13/07/2018","304.780","305.200","306.050","305.175","","0.03%"
"12/07/2018","304.700","305.200","306.000","305.200","","-0.34%"
"11/07/2018","305.750","305.750","306.000","305.750","","0.18%"
"10/07/2018","305.200","314.750","314.750","305.450","","-0.16%"
"09/07/2018","305.700","314.750","314.750","305.250","","-2.80%"
"06/07/2018","314.500","314.750","314.750","314.750","","3.05%"
"05/07/2018","305.200","314.750","314.750","305.450","","0.00%"
"04/07/2018","305.200","315.250","315.250","305.450","","0.00%"
"03/07/2018","305.200","314.750","314.750","305.450","","-0.02%"
"02/07/2018","305.250","314.750","315.250","305.500","","0.00%"
"29/06/2018","305.250","305.950","314.750","305.500","","0.00%"
"28/06/2018","305.250","305.950","314.750","305.500","","-0.08%"
"27/06/2018","305.500","305.950","314.750","305.550","","0.07%"
"26/06/2018","305.300","305.950","315.250","305.550","","-2.93%"
"25/06/2018","314.500","314.750","314.750","305.950","","0.00%"
"22/06/2018","314.500","305.950","314.750","305.950","","0.00%"
"21/06/2018","314.500","305.950","315.250","305.950","","0.00%"
"20/06/2018","314.500","305.950","314.750","305.950","","2.88%"
"19/06/2018","305.700","314.750","314.750","305.950","","-2.95%"
"18/06/2018","315.000","315.000","315.000","315.000","","0.00%"
"15/06/2018","315.000","315.000","315.000","315.000","","0.00%"
"14/06/2018","315.000","314.750","315.250","305.700","","2.96%"
"13/06/2018","305.950","305.950","306.200","305.950","","-2.87%"
"12/06/2018","315.000","314.750","315.250","314.750","","3.04%"
"11/06/2018","305.700","314.750","315.250","305.750","","0.08%"
"08/06/2018","305.450","306.200","315.250","305.700","","-0.16%"
"07/06/2018","305.950","314.750","314.750","305.750","","0.08%"
"06/06/2018","305.700","314.750","314.750","305.700","","0.07%"
"05/06/2018","305.500","315.250","315.250","305.750","","0.00%"
"04/06/2018","305.500","314.750","314.750","305.700","","0.00%"
"01/06/2018","305.500","306.200","315.250","305.750","","-0.07%"
"31/05/2018","305.700","314.750","314.750","305.950","","-2.80%"
"30/05/2018","314.500","314.750","314.750","306.150","","2.98%"
"29/05/2018","305.400","305.400","305.400","305.400","","0.00%"
"28/05/2018","305.400","305.950","315.250","305.650","","0.00%"
"25/05/2018","305.400","314.750","314.750","305.650","","-3.05%"
"24/05/2018","315.000","315.250","315.250","305.950","","3.14%"
"23/05/2018","305.400","315.250","315.250","305.600","","0.02%"
"22/05/2018","305.350","314.750","315.250","305.600","","0.00%"
"21/05/2018","305.350","314.750","314.750","305.600","","0.00%"
"18/05/2018","305.350","314.750","315.250","305.550","","-2.75%"
"17/05/2018","314.000","314.750","314.750","306.050","","2.83%"
"16/05/2018","305.350","314.750","314.750","305.600","","0.02%"
"15/05/2018","305.300","314.250","314.750","305.550","","0.00%"
"14/05/2018","305.300","314.750","314.750","305.500","","-0.15%"
"11/05/2018","305.750","314.750","314.750","305.850","","0.16%"
"10/05/2018","305.250","314.750","314.750","305.500","","0.00%"
"09/05/2018","305.250","315.250","315.250","305.450","","0.00%"
"08/05/2018","305.250","314.750","315.250","305.500","","0.00%"
"07/05/2018","305.250","314.750","314.750","305.450","","0.02%"
"04/05/2018","305.200","314.750","314.750","305.450","","0.00%"
"03/05/2018","305.200","314.750","314.750","305.450","","0.00%"
"02/05/2018","305.200","305.850","314.750","305.450","","0.00%"
"01/05/2018","305.200","305.200","305.200","305.200","","0.00%"
"30/04/2018","305.200","314.750","314.750","305.450","","0.02%"
"27/04/2018","305.150","314.750","314.750","305.400","","0.00%"
"26/04/2018","305.150","314.750","314.750","305.400","","0.00%"
"25/04/2018","305.150","314.750","314.750","305.400","","0.00%"
"24/04/2018","305.150","305.900","315.000","305.350","","-0.15%"
"23/04/2018","305.600","305.850","305.850","305.850","","0.16%"
"20/04/2018","305.100","314.750","314.750","305.350","","0.00%"
"19/04/2018","305.100","314.750","314.750","305.350","","0.00%"
"18/04/2018","305.100","305.850","314.750","305.350","","0.00%"
"17/04/2018","305.100","305.850","315.250","305.350","","0.00%"
"16/04/2018","305.100","314.750","314.750","305.300","","0.02%"
"13/04/2018","305.050","314.750","315.000","305.300","","0.00%"
"12/04/2018","305.050","315.250","315.250","305.300","","0.00%"
"11/04/2018","305.050","314.750","314.750","305.300","","-0.02%"
"10/04/2018","305.100","314.750","314.750","305.350","","0.00%"
"09/04/2018","305.100","305.850","315.250","305.350","","0.00%"
"06/04/2018","305.100","314.750","314.750","305.350","","0.00%"
"05/04/2018","305.100","314.750","315.250","305.350","","0.00%"
"04/04/2018","305.100","314.750","314.750","305.350","","-0.02%"
"03/04/2018","305.150","315.050","315.250","305.400","","0.00%"
"02/04/2018","305.150","305.150","305.150","305.150","","0.00%"
"30/03/2018","305.150","305.150","305.150","305.150","","0.00%"
"29/03/2018","305.150","315.050","315.050","305.400","","0.00%"
"28/03/2018","305.150","306.100","314.750","305.400","","0.00%"
"27/03/2018","305.150","306.100","315.250","305.400","","0.00%"
"26/03/2018","305.150","314.750","315.250","305.400","","-0.02%"
"23/03/2018","305.200","306.000","315.000","305.450","","-2.96%"
"22/03/2018","314.500","314.750","314.750","306.000","","2.86%"
"21/03/2018","305.750","306.100","306.100","306.000","","0.18%"
"20/03/2018","305.200","314.750","314.750","305.450","","-0.18%"
"19/03/2018","305.750","315.050","315.050","305.500","","-0.02%"
"16/03/2018","305.800","314.750","315.050","305.500","","0.02%"
"15/03/2018","305.750","314.750","314.750","305.450","","-2.78%"
"14/03/2018","314.500","314.750","315.250","305.500","","-0.10%"
"13/03/2018","314.800","315.250","315.250","306.000","","0.00%"
"12/03/2018","314.800","315.000","315.050","305.500","","3.11%"
"09/03/2018","305.300","306.100","315.250","305.550","","-0.18%"
"08/03/2018","305.850","306.100","314.750","305.550","","0.18%"
"07/03/2018","305.300","315.250","315.250","305.550","","-0.18%"
"06/03/2018","305.850","306.000","321.000","306.000","","-2.90%"
"05/03/2018","315.000","315.000","315.250","305.450","","3.16%"
"02/03/2018","305.350","306.150","315.250","305.600","","0.00%"
"01/03/2018","305.350","314.750","315.250","305.150","","-0.02%"
"28/02/2018","305.400","306.200","306.200","305.650","","0.00%"
"27/02/2018","305.400","315.250","315.250","305.650","","-2.89%"
"26/02/2018","314.500","314.750","314.750","305.700","","2.96%"
"23/02/2018","305.450","315.250","315.250","305.700","","-0.02%"
"22/02/2018","305.500","314.750","315.250","305.750","","-0.16%"
"21/02/2018","306.000","306.250","306.400","305.750","","0.16%"
"20/02/2018","305.500","314.750","314.750","305.750","","0.00%"
"19/02/2018","305.500","314.750","314.750","305.700","","0.02%"
"16/02/2018","305.450","314.750","314.750","305.700","","0.00%"
"15/02/2018","305.450","306.000","314.750","305.700","","0.02%"
"14/02/2018","305.400","314.750","314.750","305.250","","0.00%"
"13/02/2018","305.400","314.750","314.750","305.650","","-0.15%"
"12/02/2018","305.850","314.750","314.750","305.500","","0.16%"
"09/02/2018","305.350","314.750","315.000","305.600","","-0.16%"
"08/02/2018","305.850","314.750","314.750","305.550","","0.16%"
"07/02/2018","305.350","314.750","314.750","305.450","","0.02%"
"06/02/2018","305.300","306.000","314.750","305.550","","0.00%"
"05/02/2018","305.300","314.750","314.750","305.550","","0.02%"
"02/02/2018","305.250","306.000","307.050","305.500","","-3.10%"
"01/02/2018","315.000","314.750","315.250","305.500","","3.21%"
"31/01/2018","305.200","306.000","315.250","305.450","","0.00%"
"30/01/2018","305.200","306.000","306.025","305.450","","0.00%"
"29/01/2018","305.200","306.050","315.250","305.400","","-3.11%"
"26/01/2018","315.000","315.250","315.250","314.750","","3.23%"
"25/01/2018","305.150","315.250","315.250","305.400","","0.02%"
"24/01/2018","305.100","315.250","315.250","305.350","","-0.02%"
"23/01/2018","305.150","306.000","306.000","305.400","","0.00%"
"22/01/2018","305.150","315.250","315.250","305.400","","-0.02%"
"19/01/2018","305.200","306.000","306.000","305.450","","0.00%"
"18/01/2018","305.200","315.250","315.250","305.250","","-0.02%"
"17/01/2018","305.250","315.250","315.250","305.500","","0.00%"
"16/01/2018","305.250","306.050","315.250","305.500","","-0.02%"
"15/01/2018","305.300","314.750","315.250","305.550","","0.00%"
"12/01/2018","305.300","314.750","315.250","305.550","","0.00%"
"11/01/2018","305.300","306.600","306.600","305.550","","-3.08%"
"10/01/2018","315.000","314.750","315.250","305.600","","3.14%"
"09/01/2018","305.400","315.250","315.250","305.650","","0.00%"
"08/01/2018","305.400","314.750","315.250","305.650","","-0.02%"
"05/01/2018","305.450","314.750","315.250","305.700","","0.00%"
"04/01/2018","305.450","305.750","315.250","305.700","","0.00%"
"03/01/2018","305.450","314.750","315.250","305.700","","-0.02%"
"02/01/2018","305.500","314.750","314.750","305.600","","-0.28%"
"01/01/2018","306.350","306.350","306.350","306.350","","0.00%"
"29/12/2017","306.350","306.650","306.650","306.600","","0.00%"
"28/12/2017","306.350","314.750","314.750","306.600","","-0.02%"
"27/12/2017","306.400","314.750","314.750","306.250","","0.13%"
"26/12/2017","306.000","306.000","306.000","306.000","","0.00%"
"25/12/2017","306.000","306.000","306.000","306.000","","0.00%"
"22/12/2017","306.000","314.750","314.750","306.250","","0.00%"
"21/12/2017","306.000","306.600","314.750","306.250","","-0.11%"
"20/12/2017","306.350","306.600","306.600","306.600","","0.00%"
"19/12/2017","306.350","314.750","315.250","306.600","","0.03%"
"18/12/2017","306.250","314.750","314.750","306.200","","-2.62%"
"15/12/2017","314.500","314.750","314.750","306.250","","2.78%"
"14/12/2017","306.000","314.750","314.750","306.250","","-0.10%"
"13/12/2017","306.300","314.750","314.750","306.250","","-2.61%"
"12/12/2017","314.500","314.750","314.750","305.750","","0.00%"
"11/12/2017","314.500","314.750","314.750","305.750","","2.64%"
"08/12/2017","306.400","314.750","314.750","305.750","","-0.02%"
"07/12/2017","306.450","314.750","314.750","306.600","","0.15%"
"06/12/2017","306.000","314.750","314.750","305.750","","-0.11%"
"05/12/2017","306.350","314.750","314.750","305.750","","-0.05%"
"04/12/2017","306.500","314.750","315.250","305.500","","0.33%"
"01/12/2017","305.500","305.500","305.500","305.500","","0.00%"
"30/11/2017","305.500","315.250","320.250","305.500","","0.08%"
"29/11/2017","305.250","314.750","315.250","305.500","","-0.02%"
"28/11/2017","305.300","306.250","306.250","305.550","","0.00%"
"27/11/2017","305.300","306.250","314.750","305.550","","-0.23%"
"24/11/2017","306.000","306.250","306.250","306.250","","0.00%"
"23/11/2017","306.000","314.750","314.750","306.250","","0.00%"
"22/11/2017","306.000","314.750","314.750","306.250","","0.20%"
"21/11/2017","305.400","306.250","306.250","305.650","","-0.18%"
"20/11/2017","305.950","306.250","314.750","306.100","","0.16%"
"17/11/2017","305.450","314.750","315.250","305.700","","-0.18%"
"16/11/2017","306.000","314.750","315.250","306.050","","0.16%"
"15/11/2017","305.500","315.250","315.250","305.750","","0.00%"
"14/11/2017","305.500","315.250","315.250","305.750","","0.00%"
"13/11/2017","305.500","314.750","315.250","305.700","","-2.86%"
"10/11/2017","314.500","315.250","315.250","306.050","","2.96%"
"09/11/2017","305.450","315.250","315.250","305.700","","0.00%"
"08/11/2017","305.450","305.250","315.250","305.250","","0.02%"
"07/11/2017","305.400","314.750","315.250","305.650","","0.00%"
"06/11/2017","305.400","306.050","314.750","305.650","","0.00%"
"03/11/2017","305.400","314.750","315.250","305.600","","0.02%"
"02/11/2017","305.350","315.250","315.250","305.600","","0.00%"
"01/11/2017","305.350","315.250","315.250","305.600","","-0.15%"
"31/10/2017","305.800","315.250","315.250","306.050","","0.16%"
"30/10/2017","305.300","314.750","325.250","305.550","","0.02%"
"27/10/2017","305.250","315.250","315.250","305.500","","0.00%"
"26/10/2017","305.250","315.250","325.250","305.500","","-3.10%"
"25/10/2017","315.000","305.900","315.250","305.900","","3.21%"
"24/10/2017","305.200","305.950","315.250","305.450","","0.02%"
"23/10/2017","305.150","314.750","315.250","305.400","","0.00%"
"20/10/2017","305.150","314.750","315.250","305.350","","-2.97%"
"19/10/2017","314.500","315.250","315.250","314.750","","3.08%"
"18/10/2017","305.100","315.250","315.250","305.300","","-0.13%"
"17/10/2017","305.500","315.250","315.250","305.750","","0.00%"
"16/10/2017","305.500","314.750","315.250","305.750","","0.11%"
"13/10/2017","305.150","315.250","325.250","305.400","","-0.13%"
"12/10/2017","305.550","314.750","315.250","305.800","","0.16%"
"11/10/2017","305.050","315.250","315.250","305.300","","-3.00%"
"10/10/2017","314.500","305.950","325.250","305.850","","2.88%"
"09/10/2017","305.700","305.950","315.250","305.900","","-2.80%"
"06/10/2017","314.500","314.250","314.750","305.900","","3.06%"
"05/10/2017","305.150","305.950","314.750","305.400","","-0.02%"
"04/10/2017","305.200","314.750","315.250","305.450","","-0.26%"
"03/10/2017","306.000","314.750","314.750","306.000","","0.08%"
"02/10/2017","305.750","305.750","305.750","305.750","","0.00%"
"29/09/2017","305.750","314.250","314.750","305.700","","0.10%"
"28/09/2017","305.450","314.750","314.750","305.250","","0.15%"
"27/09/2017","305.000","314.750","314.750","305.250","","-3.02%"
"26/09/2017","314.500","314.750","314.750","305.250","","0.00%"
"25/09/2017","314.500","306.250","315.250","306.100","","2.78%"
"22/09/2017","306.000","306.150","314.750","305.600","","-6.71%"
"21/09/2017","328.000","314.750","328.250","305.250","","4.29%"
"20/09/2017","314.500","314.250","314.750","305.650","","2.98%"
"19/09/2017","305.400","306.200","325.250","305.250","","-0.18%"
"18/09/2017","305.950","314.750","325.250","305.250","","-5.86%"
"15/09/2017","325.000","314.250","325.250","305.250","","6.21%"
"14/09/2017","306.000","314.250","314.750","306.200","","0.16%"
"13/09/2017","305.500","306.200","325.250","305.750","","-0.15%"
"12/09/2017","305.950","306.200","325.250","305.250","","0.15%"
"11/09/2017","305.500","305.800","325.250","305.750","","-0.15%"
"08/09/2017","305.950","314.250","325.250","305.600","","0.31%"
"07/09/2017","305.000","314.250","314.250","305.250","","-0.13%"
"06/09/2017","305.400","314.250","315.250","305.250","","0.13%"
"05/09/2017","305.000","305.800","325.250","305.250","","0.00%"
"04/09/2017","305.000","305.000","305.000","305.000","","0.00%"
"01/09/2017","305.000","305.000","305.000","305.000","","0.00%"
"31/08/2017","305.000","314.750","314.750","305.250","","-0.11%"
"30/08/2017","305.350","305.800","314.750","305.250","","0.11%"
"29/08/2017","305.000","305.800","314.750","305.250","","-0.26%"
"28/08/2017","305.800","314.750","314.750","305.250","","0.18%"
"25/08/2017","305.250","306.000","314.250","305.250","","-0.16%"
"24/08/2017","305.750","305.800","314.750","305.250","","0.25%"
"23/08/2017","305.000","305.800","314.750","305.250","","-0.25%"
"22/08/2017","305.750","305.250","315.250","305.250","","0.02%"
"21/08/2017","305.700","305.800","314.750","305.250","","0.16%"
"18/08/2017","305.200","314.250","315.250","305.250","","0.02%"
"17/08/2017","305.150","314.250","315.250","305.250","","0.00%"
"16/08/2017","305.150","314.250","314.750","305.250","","0.05%"
"15/08/2017","305.000","314.250","314.750","305.250","","-0.03%"
"14/08/2017","305.100","314.750","315.250","301.750","","-2.99%"
"11/08/2017","314.500","314.250","315.250","305.250","","-0.16%"
"10/08/2017","315.000","305.800","315.250","305.250","","0.16%"
"09/08/2017","314.500","307.250","314.750","305.250","","3.11%"
"08/08/2017","305.000","305.800","307.250","305.250","","-0.65%"
"07/08/2017","307.000","307.250","307.250","305.800","","0.00%"
"04/08/2017","307.000","307.250","307.250","305.250","","-2.38%"
"03/08/2017","314.500","314.750","314.750","305.800","","0.00%"
"02/08/2017","314.500","314.750","314.750","314.750","","-0.16%"
"01/08/2017","315.000","314.750","315.250","314.750","","3.06%"
"31/07/2017","305.650","315.250","315.250","305.250","","0.32%"
"28/07/2017","304.680","305.220","330.000","305.090","","-4.31%"
"27/07/2017","318.400","305.200","330.100","305.200","","-0.10%"
"26/07/2017","318.720","305.250","327.500","305.100","","-0.30%"
"25/07/2017","319.680","305.280","320.370","305.125","","0.18%"
"24/07/2017","319.110","305.280","325.250","305.140","","4.70%"
"21/07/2017","304.780","305.300","315.250","305.140","","-4.66%"
"20/07/2017","319.680","305.330","320.370","305.150","","-1.39%"
"19/07/2017","324.180","305.400","324.620","305.330","","6.32%"
"18/07/2017","304.900","305.350","320.275","305.175","","0.02%"
"17/07/2017","304.850","305.480","320.230","305.175","","-0.04%"
"14/07/2017","304.980","305.500","324.620","305.225","","-0.01%"
"13/07/2017","305.000","305.500","315.250","305.250","","0.00%"
"12/07/2017","305.000","324.620","324.620","305.240","","-5.92%"
"11/07/2017","324.180","305.500","324.605","305.450","","2.05%"
"10/07/2017","317.680","305.450","319.885","305.275","","-1.85%"
"07/07/2017","323.680","305.500","324.695","305.225","","6.12%"
"06/07/2017","305.000","305.450","324.665","305.400","","-5.92%"
"05/07/2017","324.180","305.450","324.620","305.200","","6.31%"
"04/07/2017","304.950","315.250","330.250","305.350","","-3.19%"
"03/07/2017","315.000","305.320","315.250","305.160","","3.32%"
"30/06/2017","304.880","305.320","315.250","305.320","","0.00%"
"29/06/2017","304.880","305.300","315.250","305.300","","0.03%"
"28/06/2017","304.800","305.320","315.250","305.300","","-0.01%"
"27/06/2017","304.820","305.350","315.250","305.300","","-0.01%"
"26/06/2017","304.850","305.300","315.250","305.280","","0.02%"
"23/06/2017","304.800","324.635","324.635","305.250","","-5.83%"
"22/06/2017","323.680","305.280","324.370","305.180","","6.20%"
"21/06/2017","304.780","305.180","327.300","305.180","","0.00%"
"20/06/2017","304.780","305.200","324.620","305.180","","-5.84%"
"19/06/2017","323.680","305.200","327.300","305.180","","6.23%"
"16/06/2017","304.700","305.180","327.300","305.150","","-5.57%"
"15/06/2017","322.680","305.180","327.300","305.100","","-0.31%"
"14/06/2017","323.680","305.100","327.300","305.050","","6.26%"
"13/06/2017","304.600","305.080","322.135","304.880","","-4.12%"
"12/06/2017","317.680","305.080","327.330","304.880","","4.30%"
"09/06/2017","304.580","305.050","327.300","304.880","","0.01%"
"08/06/2017","304.550","305.050","324.535","304.880","","0.00%"
"07/06/2017","304.550","305.000","324.520","304.880","","0.02%"
"06/06/2017","304.500","304.980","314.750","304.880","","0.01%"
"05/06/2017","304.480","304.880","327.300","304.750","","0.03%"
"02/06/2017","304.400","304.880","324.400","304.880","","0.01%"
"01/06/2017","304.380","319.855","325.000","304.800","","0.01%"
"31/05/2017","304.350","304.800","326.800","304.800","","-5.97%"
"30/05/2017","323.680","304.900","324.355","304.800","","6.33%"
"29/05/2017","304.400","304.950","326.800","304.900","","-0.02%"
"26/05/2017","304.450","304.950","326.800","304.900","","0.00%"
"25/05/2017","304.450","304.900","326.800","304.900","","0.02%"
"24/05/2017","304.400","304.900","326.800","304.850","","0.00%"
"23/05/2017","304.400","305.900","321.800","304.900","","-0.33%"
"22/05/2017","305.400","304.950","325.000","304.900","","0.31%"
"19/05/2017","304.450","304.900","315.155","304.900","","-3.10%"
"18/05/2017","314.190","315.110","324.500","304.900","","3.22%"
"17/05/2017","304.400","305.050","315.250","304.900","","-3.27%"
"16/05/2017","314.690","306.500","322.420","305.000","","2.84%"
"15/05/2017","306.000","305.050","324.500","305.050","","0.48%"
"12/05/2017","304.550","305.050","315.250","305.000","","0.00%"
"11/05/2017","304.550","305.150","315.250","305.050","","-0.03%"
"10/05/2017","304.650","305.200","322.800","305.150","","-0.02%"
"09/05/2017","304.700","305.150","324.590","305.150","","-2.86%"
"08/05/2017","313.680","305.150","322.800","305.100","","-0.32%"
"05/05/2017","314.680","305.200","322.800","305.150","","3.28%"
"04/05/2017","304.700","305.250","323.500","305.100","","-3.84%"
"03/05/2017","316.880","305.900","323.430","305.250","","3.76%"
"02/05/2017","305.400","305.300","323.000","305.250","","0.20%"
"01/05/2017","304.800","305.300","322.800","305.250","","0.02%"
"28/04/2017","304.740","305.300","315.805","305.245","","-0.02%"
"27/04/2017","304.800","305.500","315.805","305.300","","-0.07%"
"26/04/2017","305.000","305.500","323.500","305.500","","0.00%"
"25/04/2017","305.000","305.500","314.750","305.500","","0.00%"
"24/04/2017","305.000","305.550","315.150","305.370","","-0.02%"
"21/04/2017","305.050","305.550","314.750","305.500","","0.00%"
"20/04/2017","305.050","305.550","315.250","305.500","","0.00%"
"19/04/2017","305.050","305.500","315.250","305.500","","0.02%"
"18/04/2017","305.000","305.500","315.250","305.500","","0.00%"
"17/04/2017","305.000","305.600","315.150","305.500","","-0.03%"
"14/04/2017","305.100","305.600","315.550","305.600","","-1.38%"
"13/04/2017","309.360","305.550","318.000","305.550","","1.18%"
"12/04/2017","305.740","305.600","318.000","305.000","","-1.13%"
"11/04/2017","309.240","305.600","318.000","305.600","","1.36%"
"10/04/2017","305.100","305.650","318.500","305.600","","-0.02%"
"07/04/2017","305.150","305.650","313.940","305.650","","-2.45%"
"06/04/2017","312.820","305.750","315.280","305.650","","2.48%"
"05/04/2017","305.250","305.700","315.250","305.700","","-2.71%"
"04/04/2017","313.750","305.800","316.030","305.700","","-0.30%"
"03/04/2017","314.680","305.850","318.750","305.250","","3.06%"
"31/03/2017","305.350","305.950","314.750","305.000","","-0.03%"
"30/03/2017","305.450","307.100","314.750","305.950","","-0.38%"
"29/03/2017","306.600","306.200","307.150","306.000","","0.29%"
"28/03/2017","305.700","306.500","315.225","306.000","","-0.10%"
"27/03/2017","306.000","307.500","318.250","306.500","","-0.33%"
"24/03/2017","307.000","307.200","314.750","306.750","","-1.11%"
"23/03/2017","310.440","307.000","315.295","305.250","","1.29%"
"22/03/2017","306.500","306.950","316.015","306.500","","0.02%"
"21/03/2017","306.450","306.500","315.250","306.500","","0.15%"
"20/03/2017","306.000","306.200","318.250","306.200","","0.10%"
"17/03/2017","305.700","305.980","310.250","305.650","","0.07%"
"16/03/2017","305.480","305.650","314.750","305.500","","0.11%"
"15/03/2017","305.150","305.500","314.750","305.150","","0.05%"
"14/03/2017","305.000","305.250","314.750","305.125","","0.08%"
"13/03/2017","304.750","305.270","318.495","305.150","","-0.01%"
"10/03/2017","304.770","305.200","314.750","305.000","","0.04%"
"09/03/2017","304.650","305.200","315.250","304.950","","-0.02%"
"08/03/2017","304.700","304.950","314.750","304.500","","0.08%"
"07/03/2017","304.450","304.700","315.250","304.700","","0.08%"
"06/03/2017","304.200","304.700","318.250","304.700","","0.00%"
"03/03/2017","304.200","304.950","318.250","304.700","","-0.08%"
"02/03/2017","304.450","304.950","318.500","304.900","","0.02%"
"01/03/2017","304.400","304.950","318.500","302.500","","-0.02%"
"28/02/2017","304.450","305.000","318.500","304.950","","-0.02%"
"27/02/2017","304.500","304.980","318.250","304.950","","0.01%"
"24/02/2017","304.480","304.700","314.750","304.700","","0.09%"
"23/02/2017","304.200","304.700","315.150","304.700","","0.00%"
"22/02/2017","304.200","304.700","314.750","304.700","","0.00%"
"21/02/2017","304.200","304.950","315.250","304.700","","-0.08%"
"20/02/2017","304.450","305.000","318.250","304.950","","-0.02%"
"17/02/2017","304.500","314.750","318.250","304.950","","0.02%"
"16/02/2017","304.450","304.950","318.250","304.950","","0.00%"
"15/02/2017","304.450","304.500","318.250","304.500","","0.15%"
"14/02/2017","304.000","304.500","318.250","304.500","","0.00%"
"13/02/2017","304.000","304.500","318.250","304.500","","0.00%"
"10/02/2017","304.000","304.700","314.750","304.480","","-0.07%"
"09/02/2017","304.200","305.700","318.500","304.700","","-3.37%"
"08/02/2017","314.800","314.750","318.500","305.275","","0.18%"
"07/02/2017","314.250","304.750","318.340","304.750","","3.29%"
"06/02/2017","304.250","304.750","318.500","304.700","","0.00%"
"03/02/2017","304.250","304.750","314.750","304.750","","0.00%"
"02/02/2017","304.250","304.700","314.750","304.700","","0.02%"
"01/02/2017","304.200","304.750","304.750","304.700","","-0.02%"
"31/01/2017","304.250","312.415","314.750","304.700","","-2.35%"
"30/01/2017","311.580","304.700","318.250","304.500","","2.43%"
"27/01/2017","304.200","305.000","315.055","304.700","","-3.02%"
"26/01/2017","313.680","305.000","315.055","304.950","","0.00%"
"25/01/2017","313.680","305.000","315.305","304.950","","2.78%"
"24/01/2017","305.190","304.950","316.755","304.950","","-3.15%"
"23/01/2017","315.110","304.980","318.555","304.950","","3.49%"
"20/01/2017","304.480","304.700","318.500","304.700","","-3.47%"
"19/01/2017","315.430","304.700","318.715","304.500","","3.69%"
"18/01/2017","304.200","314.740","318.285","304.700","","0.00%"
"17/01/2017","304.200","304.500","318.475","304.500","","0.07%"
"16/01/2017","304.000","304.500","318.500","304.500","","0.00%"
"13/01/2017","304.000","304.500","315.385","304.500","","0.00%"
"12/01/2017","304.000","304.500","315.000","304.500","","0.00%"
"11/01/2017","304.000","304.700","315.480","304.500","","-3.40%"
"10/01/2017","314.690","304.500","315.620","304.500","","-0.10%"
"09/01/2017","315.000","304.500","318.500","304.500","","3.62%"
"06/01/2017","304.000","304.500","315.215","304.500","","0.00%"
"05/01/2017","304.000","304.500","315.510","304.500","","-3.30%"
"04/01/2017","314.380","304.500","315.515","304.500","","0.02%"
"03/01/2017","314.310","304.500","315.075","304.500","","3.39%"
"02/01/2017","304.000","304.700","317.000","304.500","","-0.07%"
"30/12/2016","304.200","304.700","314.980","304.700","","-0.02%"
"29/12/2016","304.250","304.700","314.980","304.700","","0.00%"
"28/12/2016","304.250","304.750","315.075","304.700","","-3.20%"
"27/12/2016","314.310","304.750","314.980","304.700","","3.31%"
"26/12/2016","304.250","304.750","317.000","304.700","","0.00%"
"23/12/2016","304.250","304.750","314.980","304.700","","0.00%"
"22/12/2016","304.250","304.700","314.980","304.700","","0.02%"
"21/12/2016","304.200","304.700","315.325","304.700","","0.00%"
"20/12/2016","304.200","305.000","315.325","304.500","","-0.10%"
"19/12/2016","304.500","305.000","318.750","304.950","","0.00%"
"16/12/2016","304.500","305.000","318.655","304.500","","0.02%"
"15/12/2016","304.450","305.000","318.750","304.725","","-0.02%"
"14/12/2016","304.500","305.000","318.750","304.950","","0.00%"
"13/12/2016","304.500","304.950","319.500","304.950","","0.02%"
"12/12/2016","304.450","305.000","319.500","304.950","","-0.02%"
"09/12/2016","304.500","305.000","315.250","304.950","","0.00%"
"08/12/2016","304.500","305.000","305.400","305.000","","0.00%"
"07/12/2016","304.500","304.950","315.120","304.625","","0.02%"
"06/12/2016","304.450","304.500","315.310","304.500","","0.15%"
"05/12/2016","304.000","304.500","319.250","304.500","","0.00%"
"02/12/2016","304.000","304.500","315.750","304.500","","0.00%"
"01/12/2016","304.000","304.750","315.060","304.500","","-0.08%"
"30/11/2016","304.250","304.700","315.250","304.600","","0.02%"
"29/11/2016","304.200","304.750","308.750","304.700","","-0.02%"
"28/11/2016","304.250","304.500","325.000","304.500","","0.08%"
"25/11/2016","304.000","304.500","314.750","304.500","","0.00%"
"24/11/2016","304.000","304.500","315.250","304.500","","0.00%"
"23/11/2016","304.000","304.500","315.250","304.500","","0.00%"
"22/11/2016","304.000","305.000","315.250","304.500","","-0.16%"
"21/11/2016","304.500","305.000","325.000","304.750","","0.00%"
"18/11/2016","304.500","305.000","315.120","305.000","","0.00%"
"17/11/2016","304.500","304.750","315.250","304.700","","0.08%"
"16/11/2016","304.250","304.700","314.810","304.700","","0.02%"
"15/11/2016","304.200","304.750","320.250","304.700","","-0.02%"
"14/11/2016","304.250","304.500","325.000","304.500","","0.08%"
"11/11/2016","304.000","304.500","315.375","304.500","","0.00%"
"10/11/2016","304.000","304.750","315.250","304.500","","-0.08%"
"09/11/2016","304.250","304.750","328.250","304.700","","0.00%"
"08/11/2016","304.250","304.700","319.250","304.700","","0.02%"
"07/11/2016","304.200","304.700","325.000","304.700","","0.00%"
"04/11/2016","304.200","304.700","325.000","304.700","","0.00%"
"03/11/2016","304.200","304.500","325.000","304.500","","0.07%"
"02/11/2016","304.000","305.000","325.000","304.500","","-0.16%"
"01/11/2016","304.500","305.000","325.000","304.500","","0.00%"
"31/10/2016","304.500","305.000","325.000","305.000","","0.00%"
"28/10/2016","304.500","318.050","318.100","305.000","","-4.11%"
"27/10/2016","317.550","305.000","318.100","305.000","","4.29%"
"26/10/2016","304.500","305.000","317.500","305.000","","0.00%"
"25/10/2016","304.500","304.750","320.000","304.700","","0.08%"
"24/10/2016","304.250","304.750","325.500","304.750","","0.00%"
"21/10/2016","304.250","305.000","316.850","304.750","","-0.08%"
"20/10/2016","304.500","305.000","318.550","305.000","","0.00%"
"19/10/2016","304.500","304.500","318.200","304.500","","0.16%"
"18/10/2016","304.000","304.500","319.750","304.500","","0.00%"
"17/10/2016","304.000","304.500","327.500","304.500","","0.00%"
"14/10/2016","304.000","304.750","319.500","304.500","","-0.08%"
"13/10/2016","304.250","304.750","319.500","304.750","","0.00%"
"12/10/2016","304.250","304.700","320.200","304.700","","0.02%"
"11/10/2016","304.200","304.500","320.200","304.500","","0.07%"
"10/10/2016","304.000","304.500","323.150","304.500","","0.00%"
"07/10/2016","304.000","304.750","323.150","304.500","","-0.08%"
"06/10/2016","304.250","304.700","322.150","304.700","","0.02%"
"05/10/2016","304.200","304.750","321.000","304.700","","-0.02%"
"04/10/2016","304.250","304.750","322.350","304.750","","0.00%"
"03/10/2016","304.250","305.000","322.250","304.750","","-0.08%"
"30/09/2016","304.500","315.250","322.250","305.000","","-5.80%"
"29/09/2016","323.250","315.250","323.750","315.250","","2.62%"
"28/09/2016","315.000","324.000","324.000","305.250","","0.00%"
"27/09/2016","315.000","315.250","325.250","305.250","","-2.63%"
"26/09/2016","323.500","323.900","324.000","305.250","","0.03%"
"23/09/2016","323.400","314.750","323.900","305.250","","6.03%"
"22/09/2016","305.000","315.250","326.250","305.250","","0.00%"
"21/09/2016","305.000","324.000","325.250","305.250","","0.00%"
"20/09/2016","305.000","314.750","324.000","305.050","","0.00%"
"19/09/2016","305.000","315.250","324.000","305.050","","0.00%"
"16/09/2016","305.000","315.250","318.250","305.250","","-3.33%"
"15/09/2016","315.500","315.500","324.000","305.250","","-2.77%"
"14/09/2016","324.500","314.750","325.000","305.250","","3.02%"
"13/09/2016","315.000","324.100","324.100","315.500","","0.00%"
"12/09/2016","315.000","315.000","315.000","315.000","","0.00%"
"09/09/2016","315.000","310.250","326.800","310.250","","3.28%"
"08/09/2016","305.000","310.250","326.800","305.250","","-6.15%"
"07/09/2016","325.000","315.500","325.800","304.750","","3.34%"
"06/09/2016","314.500","315.750","327.750","305.250","","-4.70%"
"05/09/2016","330.000","333.000","340.250","305.250","","4.76%"
"02/09/2016","315.000","315.750","333.000","304.750","","2.94%"
"01/09/2016","306.000","315.250","331.000","306.250","","-1.29%"
"31/08/2016","310.000","315.250","338.200","306.250","","1.31%"
"30/08/2016","306.000","330.250","339.000","306.250","","0.00%"
"29/08/2016","306.000","315.250","330.250","306.250","","-1.45%"
"26/08/2016","310.500","315.250","337.250","308.750","","-1.43%"
"25/08/2016","315.000","315.250","331.000","315.250","","0.00%"
"24/08/2016","315.000","330.250","340.250","314.750","","-4.55%"
"23/08/2016","330.000","325.500","335.250","325.500","","0.30%"
"22/08/2016","329.000","344.500","344.500","329.500","","-3.24%"
"19/08/2016","340.000","315.250","350.250","315.250","","5.92%"
"18/08/2016","321.000","312.250","354.250","312.250","","0.00%"
"17/08/2016","321.000","318.500","321.250","315.250","","1.90%"
"16/08/2016","315.000","318.500","321.250","315.250","","0.00%"
"15/08/2016","315.000","320.250","322.250","310.750","","1.29%"
"12/08/2016","311.000","318.750","318.750","309.750","","-0.80%"
"11/08/2016","313.500","320.250","320.250","313.750","","-2.03%"
"10/08/2016","320.000","317.250","322.250","317.000","","-0.62%"
"09/08/2016","322.000","320.250","322.250","317.000","","0.63%"
"08/08/2016","320.000","316.100","320.250","313.250","","1.11%"
"05/08/2016","316.500","315.250","320.250","311.750","","2.10%"
"04/08/2016","310.000","317.500","318.500","310.250","","-0.16%"
"03/08/2016","310.500","320.250","320.250","310.750","","0.00%"
"02/08/2016","310.500","313.250","320.250","310.750","","-2.82%"
"01/08/2016","319.500","318.500","320.500","313.250","","0.47%"
"29/07/2016","318.000","313.250","320.500","313.250","","-1.24%"
"28/07/2016","322.000","313.250","322.250","298.250","","2.22%"
"27/07/2016","315.000","310.750","315.250","305.250","","1.61%"
"26/07/2016","310.000","308.250","312.250","308.250","","0.00%"
"25/07/2016","310.000","299.750","310.250","294.750","","1.64%"
"22/07/2016","305.000","295.250","305.250","294.750","","4.45%"
"21/07/2016","292.000","294.500","298.250","292.250","","-0.85%"
"20/07/2016","294.500","295.250","295.250","294.750","","0.51%"
"19/07/2016","293.000","293.750","296.000","292.250","","3.45%"
"18/07/2016","283.220","283.000","295.250","282.000","","-0.26%"
"15/07/2016","283.970","283.500","290.250","282.000","","0.44%"
"14/07/2016","282.720","283.500","284.250","282.735","","0.09%"
"13/07/2016","282.470","282.750","284.000","282.735","","-0.26%"
"12/07/2016","283.220","283.500","283.640","282.250","","0.44%"
"11/07/2016","281.970","281.750","283.250","281.750","","-0.09%"
"08/07/2016","282.220","282.500","282.795","280.250","","0.18%"
"07/07/2016","281.720","282.000","282.155","282.000","","-0.04%"
"06/07/2016","281.820","282.125","282.220","282.125","","0.11%"
"05/07/2016","281.500","281.500","281.500","281.500","","0.00%"
"04/07/2016","281.500","282.000","283.500","281.750","","-0.08%"
"01/07/2016","281.720","282.250","283.250","282.110","","0.00%"
"30/06/2016","281.720","282.500","284.000","280.250","","-0.18%"
"29/06/2016","282.220","281.750","282.795","281.750","","0.11%"
"28/06/2016","281.920","282.500","285.010","281.500","","-0.49%"
"27/06/2016","283.310","282.000","285.025","281.500","","0.74%"
"24/06/2016","281.220","283.500","285.135","281.250","","-1.03%"
"23/06/2016","284.150","282.500","285.545","282.000","","-0.20%"
"22/06/2016","284.710","280.500","285.545","280.500","","0.10%"
"21/06/2016","284.430","286.500","286.500","280.000","","1.06%"
"20/06/2016","281.440","199.050","283.500","198.050","","41.71%"
"17/06/2016","198.600","199.250","199.250","198.850","","-0.10%"
"16/06/2016","198.800","198.820","199.260","198.750","","0.20%"
"15/06/2016","198.400","199.000","199.020","198.050","","-0.20%"
"14/06/2016","198.800","198.970","199.100","198.950","","0.00%"
"13/06/2016","198.800","199.050","199.275","198.050","","-0.10%"
"10/06/2016","199.000","199.000","199.100","198.050","","0.10%"
"09/06/2016","198.800","198.960","199.100","198.050","","0.00%"
"08/06/2016","198.800","198.960","199.250","198.050","","-0.10%"
"07/06/2016","199.000","198.960","199.260","198.050","","0.10%"
"06/06/2016","198.800","199.050","199.275","198.050","","0.00%"
"03/06/2016","198.800","198.960","199.250","198.050","","0.00%"
"02/06/2016","198.800","199.110","199.305","198.950","","0.00%"
"01/06/2016","198.800","198.980","199.295","198.950","","0.00%"
"31/05/2016","198.800","199.050","199.275","198.050","","0.13%"
"30/05/2016","198.550","199.185","199.185","199.050","","-0.13%"
"27/05/2016","198.800","199.020","199.185","198.945","","0.05%"
"26/05/2016","198.700","198.970","199.250","198.050","","-0.05%"
"25/05/2016","198.800","199.250","199.250","198.050","","-0.10%"
"24/05/2016","199.000","198.960","199.250","198.945","","0.10%"
"23/05/2016","198.800","199.050","199.280","198.825","","0.00%"
"20/05/2016","198.800","199.200","199.310","198.500","","0.00%"
"19/05/2016","198.800","198.050","199.300","198.050","","0.00%"
"18/05/2016","198.800","199.225","199.310","198.850","","-0.05%"
"17/05/2016","198.890","199.050","199.280","198.050","","0.05%"
"16/05/2016","198.800","199.050","199.280","198.050","","-0.10%"
"13/05/2016","199.000","199.170","199.275","198.825","","0.23%"
"12/05/2016","198.550","198.050","199.275","198.050","","-0.13%"
"11/05/2016","198.800","199.000","199.270","198.050","","0.00%"
"10/05/2016","198.800","199.050","199.275","198.825","","0.10%"
"09/05/2016","198.600","198.890","199.275","198.050","","0.00%"
"06/05/2016","198.600","199.200","199.250","198.050","","-0.10%"
"05/05/2016","198.800","198.970","199.250","198.950","","0.00%"
"04/05/2016","198.800","198.970","199.275","198.050","","0.00%"
"03/05/2016","198.800","199.000","199.285","198.815","","0.00%"
"02/05/2016","198.800","198.990","199.100","198.945","","0.00%"
"29/04/2016","198.800","198.990","199.250","198.050","","0.00%"
"28/04/2016","198.800","198.960","199.275","198.825","","0.00%"
"27/04/2016","198.800","198.750","199.100","198.500","","0.25%"
"26/04/2016","198.300","199.120","199.270","198.050","","-0.20%"
"25/04/2016","198.700","199.200","199.275","198.825","","-0.05%"
"22/04/2016","198.790","198.960","199.275","198.825","","-0.01%"
"21/04/2016","198.800","198.810","199.250","198.810","","0.13%"
"20/04/2016","198.550","198.890","199.275","198.050","","-0.03%"
"19/04/2016","198.600","198.050","199.250","198.050","","-0.10%"
"18/04/2016","198.800","199.050","199.060","198.950","","0.10%"
"15/04/2016","198.600","198.970","199.070","198.850","","-0.10%"
"14/04/2016","198.800","198.960","199.275","198.500","","0.00%"
"13/04/2016","198.800","198.960","199.250","198.940","","0.00%"
"12/04/2016","198.800","199.050","199.300","198.825","","0.40%"
"11/04/2016","198.000","199.000","199.250","198.050","","-0.45%"
"08/04/2016","198.900","199.050","199.275","198.050","","-0.05%"
"07/04/2016","199.000","199.050","199.050","199.050","","0.00%"
"06/04/2016","199.000","199.050","199.250","198.050","","0.05%"
"05/04/2016","198.900","199.050","199.250","198.050","","-0.05%"
"04/04/2016","199.000","199.050","199.250","198.050","","0.03%"
"01/04/2016","198.940","198.810","199.110","198.810","","0.07%"
"31/03/2016","198.800","199.250","199.250","198.810","","0.10%"
"30/03/2016","198.600","198.810","199.070","198.735","","0.10%"
"29/03/2016","198.400","199.250","199.250","198.050","","-0.20%"
"28/03/2016","198.800","199.050","199.110","198.950","","0.00%"
"25/03/2016","198.800","198.800","198.800","198.800","","0.00%"
"24/03/2016","198.800","199.050","199.275","198.050","","0.10%"
"23/03/2016","198.600","199.050","199.100","198.800","","-0.20%"
"22/03/2016","199.000","199.250","199.250","198.500","","0.00%"
"21/03/2016","199.000","199.050","199.275","198.825","","0.10%"
"18/03/2016","198.800","199.095","199.295","198.850","","0.00%"
"17/03/2016","198.800","199.250","199.285","198.850","","-0.10%"
"16/03/2016","199.000","199.050","199.275","198.825","","0.00%"
"15/03/2016","199.000","199.050","199.050","199.050","","0.10%"
"14/03/2016","198.800","198.050","199.250","198.050","","0.10%"
"11/03/2016","198.600","199.250","199.275","198.050","","-0.10%"
"10/03/2016","198.800","199.050","199.090","198.950","","0.30%"
"09/03/2016","198.200","199.050","199.090","198.650","","-0.30%"
"08/03/2016","198.800","199.250","199.250","198.950","","-0.12%"
"07/03/2016","199.030","198.050","199.275","198.050","","0.00%"
"04/03/2016","199.030","199.250","199.295","199.050","","0.02%"
"03/03/2016","199.000","198.050","199.320","198.050","","0.23%"
"02/03/2016","198.550","199.250","199.275","198.825","","-0.23%"
"01/03/2016","199.000","199.250","199.250","198.500","","0.10%"
"29/02/2016","198.800","199.050","199.300","198.050","","0.00%"
"26/02/2016","198.800","199.050","199.275","198.855","","0.00%"
"25/02/2016","198.800","198.500","199.250","198.050","","0.00%"
"24/02/2016","198.800","199.050","199.250","198.500","","0.10%"
"23/02/2016","198.600","199.250","199.250","198.850","","-0.10%"
"22/02/2016","198.800","199.050","199.275","198.825","","0.10%"
"19/02/2016","198.600","199.050","199.275","198.800","","-0.10%"
"18/02/2016","198.800","198.950","199.200","198.800","","0.00%"
"17/02/2016","198.800","199.250","199.270","198.500","","0.00%"
"16/02/2016","198.800","198.485","199.120","198.050","","0.10%"
"15/02/2016","198.600","199.050","199.275","198.050","","-0.10%"
"12/02/2016","198.800","198.050","199.250","198.050","","0.00%"
"11/02/2016","198.800","198.820","199.250","198.775","","0.08%"
"10/02/2016","198.650","199.050","199.275","198.050","","0.13%"
"09/02/2016","198.400","198.800","199.250","198.500","","0.00%"
"08/02/2016","198.400","198.865","199.100","198.050","","-0.10%"
"05/02/2016","198.600","199.250","199.250","198.050","","-0.20%"
"04/02/2016","199.000","198.960","199.250","198.950","","0.10%"
"03/02/2016","198.800","199.250","199.250","198.800","","0.00%"
"02/02/2016","198.800","198.970","198.970","198.050","","0.00%"
"01/02/2016","198.800","199.250","199.260","198.950","","0.00%"
"29/01/2016","198.800","199.070","199.470","198.850","","0.10%"
"28/01/2016","198.600","198.500","199.275","198.500","","-0.23%"
"27/01/2016","199.050","199.250","199.275","198.850","","0.03%"
"26/01/2016","199.000","198.870","199.250","198.850","","0.20%"
"25/01/2016","198.600","199.050","199.275","198.825","","-0.10%"
"22/01/2016","198.800","199.250","199.250","198.850","","0.10%"
"21/01/2016","198.600","199.160","199.260","198.850","","-0.10%"
"20/01/2016","198.800","199.185","199.185","199.040","","0.00%"
"19/01/2016","198.800","199.250","199.285","197.500","","0.40%"
"18/01/2016","198.000","199.040","199.250","198.050","","-0.30%"
"15/01/2016","198.600","198.500","199.250","198.500","","-0.15%"
"14/01/2016","198.900","198.960","199.320","198.500","","0.05%"
"13/01/2016","198.800","199.000","199.250","198.800","","-1.09%"
"12/01/2016","201.000","199.200","201.050","198.850","","1.11%"
"11/01/2016","198.800","199.050","199.240","198.050","","-0.25%"
"08/01/2016","199.300","199.250","199.410","199.100","","0.38%"
"07/01/2016","198.550","199.200","199.250","198.500","","0.28%"
"06/01/2016","198.000","199.250","199.250","198.050","","-0.40%"
"05/01/2016","198.800","199.250","199.250","198.825","","-0.08%"
"04/01/2016","198.950","199.050","199.250","198.500","","-0.03%"
"01/01/2016","199.000","199.000","199.000","199.000","","0.00%"
"31/12/2015","199.000","198.500","199.250","198.500","","0.13%"
"30/12/2015","198.750","198.050","199.400","198.050","","-0.03%"
"29/12/2015","198.800","198.970","199.250","198.685","","-0.10%"
"28/12/2015","199.000","199.050","199.250","198.500","","0.00%"
"25/12/2015","199.000","199.000","199.000","199.000","","0.00%"
"24/12/2015","199.000","199.050","199.050","199.050","","0.00%"
"23/12/2015","199.000","198.970","199.250","198.500","","0.00%"
"22/12/2015","199.000","198.970","199.250","198.785","","0.00%"
"21/12/2015","199.000","199.250","199.250","198.050","","0.11%"
"18/12/2015","198.780","199.050","199.250","198.925","","0.39%"
"17/12/2015","198.000","198.950","199.050","198.500","","-0.50%"
"16/12/2015","199.000","198.870","199.250","198.870","","0.09%"
"15/12/2015","198.820","199.250","199.250","198.870","","-0.09%"
"14/12/2015","199.000","199.050","199.250","198.500","","0.00%"
"11/12/2015","199.000","198.985","199.250","198.020","","0.27%"
"10/12/2015","198.470","199.250","199.250","198.935","","0.25%"
"09/12/2015","197.970","199.250","199.250","198.020","","0.00%"
"08/12/2015","197.970","199.250","199.250","198.020","","-0.52%"
"07/12/2015","199.000","198.500","199.250","198.050","","0.51%"
"04/12/2015","198.000","199.050","199.250","198.500","","-0.50%"
"03/12/2015","199.000","199.250","199.250","198.850","","0.00%"
"02/12/2015","199.000","199.020","199.250","199.020","","0.02%"
"01/12/2015","198.970","199.160","199.260","198.935","","0.09%"
"30/11/2015","198.800","199.250","199.260","198.900","","-0.10%"
"27/11/2015","199.000","198.500","199.300","198.500","","0.00%"
"26/11/2015","199.000","199.000","199.300","198.500","","0.10%"
"25/11/2015","198.800","199.000","199.260","198.900","","-0.10%"
"24/11/2015","199.000","199.250","199.260","198.950","","0.00%"
"23/11/2015","199.000","198.500","199.250","198.500","","0.05%"
"20/11/2015","198.900","198.950","199.250","198.950","","-0.05%"
"19/11/2015","199.000","198.500","199.250","198.500","","0.51%"
"18/11/2015","198.000","199.250","199.250","198.500","","0.00%"
"17/11/2015","198.000","198.500","199.250","198.050","","-0.50%"
"16/11/2015","199.000","198.500","199.250","198.500","","0.08%"
"13/11/2015","198.850","199.230","199.250","198.850","","-0.08%"
"12/11/2015","199.000","199.050","199.250","198.950","","0.00%"
"11/11/2015","199.000","198.500","199.240","198.050","","0.03%"
"10/11/2015","198.950","199.200","199.225","198.930","","0.00%"
"09/11/2015","198.950","198.500","199.240","198.500","","0.04%"
"06/11/2015","198.870","199.275","199.275","198.500","","-0.07%"
"05/11/2015","199.000","199.230","199.285","198.500","","-0.08%"
"04/11/2015","199.160","199.200","199.355","198.490","","0.14%"
"03/11/2015","198.890","199.050","199.255","198.995","","-0.02%"
"02/11/2015","198.930","198.500","199.250","198.050","","-0.02%"
"30/10/2015","198.960","198.500","199.290","198.050","","0.04%"
"29/10/2015","198.880","199.060","199.265","198.500","","-0.08%"
"28/10/2015","199.030","199.230","199.265","198.685","","0.03%"
"27/10/2015","198.980","199.230","199.250","198.705","","0.02%"
"26/10/2015","198.950","198.500","199.250","198.500","","0.02%"
"23/10/2015","198.920","199.250","199.260","198.500","","-0.03%"
"22/10/2015","198.980","199.070","199.260","198.900","","0.01%"
"21/10/2015","198.960","199.250","199.250","198.050","","0.00%"
"20/10/2015","198.960","198.500","199.270","198.475","","-0.10%"
"19/10/2015","199.160","199.050","199.330","198.500","","0.06%"
"16/10/2015","199.050","199.250","199.285","198.500","","0.07%"
"15/10/2015","198.920","199.050","199.215","199.020","","-0.03%"
"14/10/2015","198.980","199.050","199.240","198.950","","-0.09%"
"13/10/2015","199.160","199.250","199.360","199.020","","0.08%"
"12/10/2015","199.000","199.050","199.250","198.500","","-0.09%"
"09/10/2015","199.180","199.050","199.350","199.040","","0.09%"
"08/10/2015","199.000","199.050","199.270","199.000","","0.51%"
"07/10/2015","198.000","199.000","199.290","198.500","","-0.49%"
"06/10/2015","198.980","199.260","199.280","198.500","","-0.01%"
"05/10/2015","199.000","199.050","199.250","198.050","","0.03%"
"02/10/2015","198.950","199.260","199.270","198.500","","-0.02%"
"01/10/2015","198.980","199.050","199.270","198.500","","0.00%"
"30/09/2015","198.980","199.050","199.270","198.050","","0.09%"
"29/09/2015","198.800","199.000","199.280","198.150","","-0.08%"
"28/09/2015","198.960","198.500","199.280","198.050","","-0.01%"
"25/09/2015","198.980","198.500","199.260","198.050","","0.01%"
"24/09/2015","198.960","199.010","199.270","198.050","","0.02%"
"23/09/2015","198.930","199.260","199.270","198.050","","-0.03%"
"22/09/2015","198.980","199.125","199.295","198.050","","-0.03%"
"21/09/2015","199.030","198.500","199.275","198.050","","0.05%"
"18/09/2015","198.930","199.020","199.250","197.950","","-0.01%"
"17/09/2015","198.940","199.000","199.250","198.050","","-0.01%"
"16/09/2015","198.960","199.250","199.250","198.050","","-0.02%"
"15/09/2015","199.000","199.250","199.260","199.040","","0.00%"
"14/09/2015","199.000","199.050","199.270","198.800","","0.01%"
"11/09/2015","198.980","199.050","199.275","198.050","","-0.01%"
"10/09/2015","199.000","199.250","199.270","198.990","","0.05%"
"09/09/2015","198.900","199.250","199.250","198.000","","-0.05%"
"08/09/2015","199.000","199.050","199.260","199.000","","0.00%"
"07/09/2015","199.000","197.950","199.250","197.775","","0.08%"
"04/09/2015","198.850","199.000","199.250","197.775","","0.00%"
"03/09/2015","198.850","199.250","199.250","199.000","","-0.08%"
"02/09/2015","199.000","199.050","199.250","199.050","","0.00%"
"01/09/2015","199.000","199.050","199.250","198.950","","0.00%"
"31/08/2015","199.000","199.000","199.250","198.975","","0.00%"
"28/08/2015","199.000","199.130","199.140","198.975","","0.01%"
"27/08/2015","198.980","198.950","199.250","198.950","","0.04%"
"26/08/2015","198.900","199.120","199.140","198.950","","-0.03%"
"25/08/2015","198.960","199.250","199.250","199.100","","-0.01%"
"24/08/2015","198.980","197.950","199.250","197.950","","0.00%"
"21/08/2015","198.980","199.000","199.280","198.750","","0.01%"
"20/08/2015","198.960","199.050","199.270","199.030","","-0.01%"
"19/08/2015","198.980","199.250","199.280","198.500","","0.02%"
"18/08/2015","198.940","199.050","199.280","199.020","","-0.02%"
"17/08/2015","198.980","197.950","199.260","197.950","","0.05%"
"14/08/2015","198.880","199.100","199.170","197.950","","0.01%"
"13/08/2015","198.860","199.050","199.120","197.950","","0.44%"
"12/08/2015","197.980","199.350","199.350","197.775","","-0.60%"
"11/08/2015","199.180","198.050","199.350","198.050","","0.00%"
"10/08/2015","199.180","199.050","199.360","198.050","","0.12%"
"07/08/2015","198.940","199.050","199.265","197.950","","0.02%"
"06/08/2015","198.900","199.050","199.250","198.050","","-0.03%"
"05/08/2015","198.960","199.060","199.270","198.950","","0.00%"
"04/08/2015","198.960","199.000","199.260","198.980","","0.02%"
"03/08/2015","198.930","199.200","199.310","198.990","","-0.01%"
"31/07/2015","198.950","199.250","199.290","197.950","","-0.02%"
"30/07/2015","198.980","199.250","199.385","199.000","","0.00%"
"29/07/2015","198.980","199.000","199.270","198.955","","0.06%"
"28/07/2015","198.860","199.000","199.270","198.930","","-0.05%"
"27/07/2015","198.960","199.000","199.270","198.930","","0.05%"
"24/07/2015","198.860","199.075","199.270","198.930","","-0.06%"
"23/07/2015","198.980","199.060","199.250","198.915","","0.07%"
"22/07/2015","198.850","199.000","199.175","198.925","","-0.03%"
"21/07/2015","198.910","199.000","199.295","198.950","","-0.01%"
"20/07/2015","198.930","199.000","199.260","198.990","","0.00%"
"17/07/2015","198.930","199.235","199.265","198.050","","-0.02%"
"16/07/2015","198.960","198.950","199.215","198.050","","0.48%"
"15/07/2015","198.000","199.200","199.215","198.050","","-0.45%"
"14/07/2015","198.900","199.200","199.200","198.900","","0.04%"
"13/07/2015","198.830","198.950","199.225","198.050","","0.00%"
"10/07/2015","198.830","199.000","199.200","198.890","","-0.05%"
"09/07/2015","198.920","199.000","199.255","198.900","","-0.02%"
"08/07/2015","198.960","198.910","199.215","198.870","","0.08%"
"07/07/2015","198.810","199.000","199.175","198.880","","-0.09%"
"06/07/2015","198.980","198.950","199.035","198.900","","0.04%"
"03/07/2015","198.900","199.000","199.200","198.900","","0.00%"
"02/07/2015","198.900","198.900","199.200","198.890","","0.03%"
"01/07/2015","198.850","199.000","199.200","198.850","","-0.07%"
"30/06/2015","198.980","199.000","199.230","198.850","","0.10%"
"29/06/2015","198.780","198.950","199.205","198.050","","-0.08%"
"26/06/2015","198.930","199.000","199.215","198.850","","0.03%"
"25/06/2015","198.880","199.000","199.225","198.830","","0.06%"
"24/06/2015","198.760","198.950","199.205","198.830","","-0.09%"
"23/06/2015","198.930","199.000","199.205","198.850","","0.03%"
"22/06/2015","198.870","198.950","199.200","198.050","","-0.02%"
"19/06/2015","198.900","198.950","199.200","198.850","","-0.03%"
"18/06/2015","198.950","198.950","199.200","198.950","","0.03%"
"17/06/2015","198.900","198.950","198.950","198.950","","0.05%"
"16/06/2015","198.800","198.950","199.200","198.850","","0.00%"
"15/06/2015","198.800","198.950","199.200","198.850","","0.00%"
"12/06/2015","198.800","198.950","199.200","198.850","","-0.05%"
"11/06/2015","198.900","199.200","199.200","198.850","","0.00%"
"10/06/2015","198.900","198.950","199.200","198.850","","0.00%"
"09/06/2015","198.900","199.200","199.200","198.950","","-0.03%"
"08/06/2015","198.950","198.950","199.200","197.150","","0.03%"
"05/06/2015","198.900","199.000","199.095","198.050","","-0.03%"
"04/06/2015","198.950","199.000","199.200","198.150","","0.00%"
"03/06/2015","198.950","198.050","199.050","198.050","","0.48%"
"02/06/2015","198.000","198.050","199.050","198.050","","-0.50%"
"01/06/2015","199.000","199.000","199.050","195.050","","0.00%"